# callgrind format
version: 1
creator: callgrind-3.24.0
pid: 766
cmd:  ./pipline_O2
part: 1


desc: I1 cache: 16384 B, 64 B, 4-way associative
desc: D1 cache: 16384 B, 64 B, 4-way associative
desc: LL cache: 262144 B, 64 B, 8-way associative

desc: Timerange: Basic block 0 - 22932
desc: Trigger: Program termination

positions: line
events: Ir Dr Dw I1mr D1mr D1mw ILmr DLmr DLmw
summary: 141192 37078 18840 1095 1627 257 864 1044 210


ob=(2) /usr/lib/arm-linux-gnueabihf/libc.so.6
fl=(162) ./nptl/pthread_mutex_unlock.c
fn=(592) pthread_mutex_unlock@@GLIBC_2.4
368 2 0 0 1 0 0 1
cfn=(594) __pthread_mutex_unlock_usercnt
calls=1 48 
* 45 13 8 4 1 0 4

fn=(594)
48 1 0 4 1 0 0 1
+3 3 1
+1 2
+5 3
+5 2 0 1
+1 1
-24 1 1
+1 6 2 0 0 1
+64 1 4
-39 4 1 1
+7 1
-31 2 0 1
+33 2 0 0 1 0 0 1
+6 4 1 0 1 0 0 1
+4 6 2
+3 6 1 1 1 0 0 1

fl=(140) ./io/../sysdeps/unix/sysv/linux/fstat64.c
fn=(506) __fstat64_time64
30 1 0 0 1 0 0 1
+35 2
+5 4 1 0 0 1 0 0 1
cfi=(141) ./io/../sysdeps/unix/sysv/linux/fstatat64.c
cfn=(508) __fstatat64_time64
calls=1 +76 
* 170 52 72 8 3 1 8 1

fl=(99) ./misc/init-misc.c
fn=(376) __init_misc
30 3 1 4 1 1 0 1 1
+1 4 1
+2 3 0 0 1
cfi=(100) ./string/../sysdeps/arm/armv6/strrchr.S
cfn=(378) rindex
calls=1 -4 
* 88 11 4 3 1 0 3
+1 1
+3 2 1
+1 6 4 2 0 0 1
+2 1 4

fl=(109) ./setjmp/../sysdeps/arm/bsd-_setjmp.S
fn=(422) _setjmp
26 1 0 0 1 0 0 1
+1 1
cfi=(110) ./setjmp/../sysdeps/arm/setjmp.S
cfn=(424) __sigsetjmp
calls=1 +1 
* 35 8 21 2 2 0 2 1

fl=(143) ./malloc/malloc.c
fn=(514) malloc
fi=(139) ./libio/filedoalloc.c
102 2
+2 4
cfi=(137) ./libio/genops.c
cfn=(540) _IO_setb
calls=1 355 
* 13 8 9 1 0 0 1
+1 1
-27 1 1
+28 1 1
-28 1
+28 8 7
fe=(143)
3385 2 0 6 1 0 0 1
+7 5 2 0 0 2 0 0 2
fi=(144) ./malloc/arena.c
264 1 0 0 1 0 0 1
cfn=(518) ptmalloc_init.part.0
calls=1 -2 
* 1853 308 453 54 41 25 47 28 24
fe=(143)

fn=(528) sysmalloc
2534 7 3 9 1 1 0 1 1
+20 1 1
-20 2 1
+31 1
-31 3 1 1 1 0 0 1
+20 3 2 1
+11 2
+1 5 2
-11 1
+35 2 1
+1 2 1
+10 3
-9 1
+9 3 0 0 1 0 0 1
+9 4 1
+69 1 1 0 1 0 0 1
-8 1 1
+8 1
+14 1 1
-22 1
+22 1
-22 1 1
+22 1 1
-22 2
+9 2
+13 2 0 0 1 0 0 1
+8 5 1
+8 3 0 1
+2 2 0 0 1 0 0 1
cfi=(146) ./malloc/morecore.c
cfn=(530) __glibc_morecore
calls=1 25 
* 217 75 34 16 6 2 14 4 2
4545 3 9 0 1
-5 3
+1 2
cfn=(536) alloc_perturb
calls=1 1987 
* 5 2 0 1 2 0 1 2
* 1

fn=(526) _int_malloc
3904 2 0 18 1 0 0 1
1328 2
3904 2
1328 2
+19 10
3945 4
1794 4 2 0 0 1 0 0 1
+2 2 2
3972 4
+63 4 0 0 1 0 0 1
+62 5
+1 3 1
+19 2 0 0 1 0 0 1
+1 2
-1 2
+1 2 2
-1 2 0 2
+1 13 6 0 1 1 0 1 1
-2 5 0 1
+12 11 1
-90 2 0 0 1 0 0 1
+2 3 1
4545 3 9
4315 8 0 0 1 0 0 1
+2 3
+3 1 1
-3 1
+3 2
+72 4 0 0 1 0 0 1
-4 2
+1 2
+3 2
-3 2
+1 2
+2 2
-1 4 2
+6 8
4116 2 0 1 1 0 0 1
-79 3 0 0 1 0 0 1
-45 6 0 0 1 0 0 1
4404 6 3
-3 15
4501 2 2
+3 2 2
-2 4 2
+2 4
+3 6 0 0 1 0 0 1
+17 3 1
+15 3 0 0 1 0 0 1
cfn=(528)
calls=1 2534 
* 295 105 46 24 9 2 21 7 2
-27 1 1 0 0 1 0 0 1
-3 2
+9 1
-6 1
+2 1
-2 4 0 0 1 0 0 1
-2 1
+2 1
-1 1 0 1
+6 1
-5 1 0 1
+6 1
-4 1 0 1 0 0 1 0 0 1
+4 1
cfn=(536)
calls=1 1987 
* 5 2
+1 1
3318 2
+8 8 1 1
+9 1 1 0 0 1 0 0 1
fi=(169) ./malloc/../string/bits/string_fortified.h
59 3
fe=(143)
3335 3 1 1 1 0 0 1
+4 1 4
fi=(169)
59 1
fe=(143)

fn=(536)
1987 8 4 0 1 2 0 1 2
+2 2

fn=(524) tcache_init.part.0
3307 1 0 4 1 0 0 1
+9 28 6 3 1 1 0 1 1
+1 3
cfn=(526)
calls=1 3904 
* 406 126 59 37 11 2 34 9 2
0 3 1 0 1 1 0 1
fi=(92) ???
cfi=(142) ./string/../sysdeps/arm/memset.S
cfn=(510) memset
calls=1 28 
0 139 0 96 0 0 5 0 0 5
fe=(143)

fl=(79) ./string/../sysdeps/arm/armv7/multiarch/ifunc-memcpy.h
fn=(290) memcpy
28 4 1 0 1 1 0 1
fi=(170) ./string/../sysdeps/arm/armv7/multiarch/memcpy.c
+4 1
fe=(79)

fl=(93) ./nptl/pthread_mutex_conf.c
fn=(344) __pthread_tunables_init
55 1 1 0 1 1 0 1 1
+1 1
-1 3 1 2
+1 1 1
-1 2 1
+1 2
-1 3 1 1
+1 1
cob=(1) /usr/lib/arm-linux-gnueabihf/ld-linux-armhf.so.3
cfi=(12) ./elf/dl-tunables.c
cfn=(28) __tunable_get_val
calls=3 441 
* 80 21 3 1 7 0 0 4
* 30 12 0 2 0 0 1
fi=(87) ./elf/libc_early_init.c
-22 1 1
+13 1 1
-13 1
+13 7 3 0 1
+5 2 5
-5 1
fe=(93)

fl=(108) ./csu/../sysdeps/nptl/libc_start_call_main.h
fn=(420) (below main)
29 5 1 1 1 1 0 1
+15 1
-15 10 4 5 1 0 0 1
+15 1
cfi=(109)
cfn=(422)
calls=1 -18 
* 37 8 21 3 2 0 3 1
+2 1
+2 1
+3 2
+7 1 2
-7 3 1 1 0 1
+4 1
-4 2 1 1
+7 1 1
-3 1 0 1
+3 5 4
cob=(5) /home/student/CORDIC/pipelining/pipline_O2
cfi=(112) /home/student/CORDIC/pipelining/cordic_main_tb.c
cfn=(428) main
calls=1 -50 
* 25045 6701 4346 429 188 47 304 101 33

fl=(110)
fn=(424)
28 9 3 0 1 1 0 1 1
+2 1
+8 1
+1 1
+1 1 0 1
+1 1
+1 1 0 1
+6 1 0 8
+14 9 3 0 1 1 0 1
+17 1 0 8
+4 1
+1 1
+14 1
cfi=(111) ./setjmp/sigjmp.c
cfn=(426) __sigjmp_save
calls=1 -70 
* 6 2 3

fl=(151) ./stdio-common/Xprintf_buffer_done.c
fn=(556) __printf_buffer_done
26 14 7 0 2 0 0 1
-1 7 0 7
+6 7 14
+2 7 14 0 1 0 0 1
-2 7
+2 84
+7 14 7

fl=(133) ./stdlib/divrem.c
fn=(480) __mpn_divrem
46 20 0 45 1 0 1 1
+3 5 5
-3 5 0 5
+3 10
+13 10 10 0 1 0 0 1
+1 15 5
+2 5
-18 10
+20 5
+1 5
+4 5
-25 5 0 5
+25 6 1
+1 1
+4 10 0 1 1 0 0 1
-4 3
cfi=(92)
cfn=(340) __aeabi_uidivmod
calls=1 -73 
* 36 3 3
* 6
-1 1
+1 2 0 1
-1 1
+1 2 0 0 1 0 0 1
cfi=(92)
cfn=(340)
calls=1 -73 
* 18 3 3 1
* 7 1
-1 2 1 0 1 0 0 1
+4 15 5
+3 5 0 5 1 0 0 1
234 15 50 0 1 0 0 1

fl=(116) ./stdio-common/../include/printf_buffer.h
fn=(438) __printf_buffer_to_file_init
127 7 7 0 1 1 0 1 1
fi=(117) ./stdio-common/printf_buffer_to_file.c
-18 7
+2 7 0 7
fe=(116)
+26 7
-13 7 0 14
+4 7
-2 7 0 7
+2 7 0 7
-1 7 0 7 1
fi=(117)
-15 7
cfn=(440) __printf_buffer_to_file_switch
calls=7 -82 
* 63 21 21 1 0 0 1
fe=(116)

fl=(100)
fn=(378)
29 1 0 0 1 0 0 1
+1 1
+1 1
+3 1
+1 1
+1 5 5 0 0 1
+1 5
+1 5
+1 5
+1 5
+1 5
+1 5
+1 5
+1 5
+3 1 0 4
+7 1
+2 1
+1 1
+4 1
+1 1
+5 1 2
+4 1 0 0 1 0 0 1
+1 1
+1 1
+1 1
+1 1
+1 1
+1 1
+1 1
+1 1
+1 1
+1 1
+1 1
+1 1
+1 1
+8 1
+1 1
+1 1
+3 1
+7 1 0 0 1 0 0 1
+1 1
+1 1
+1 1
+1 1
+1 1
+2 1 4
+8 1
+1 1
+1 1
+1 1
+1 1
+1 1

fl=(142)
fn=(510)
28 2 0 0 1 0 0 1
+1 2
+1 2
+3 2
+1 2 0 0 1 0 0 1
+1 2
+1 2
+2 2
+1 2
+1 2
+1 2
+3 2
+1 2 0 4
+1 2
+1 2 0 4
+1 2
+1 2 0 4
+1 2
+1 2 0 4
+1 2
-8 15
+1 15 0 28
+1 14
+1 14 0 28
+1 14
+1 14 0 26
+1 13
+1 13 0 26 0 0 5 0 0 5
+1 13
-6 1
+1 1
+1 1
+1 1
+1 2
+1 2
+1 2
+2 2 0 0 1 0 0 1
+2 2
+1 2
+1 2
+1 2
+1 2
+1 2
+1 2
+1 2
+1 2
+2 2

fl=(154) ./stdio-common/_itoa.c
fn=(564) _itoa_word
169 18 0 36 1 0 0 1
+3 6
* 6 6 0 1 1 0 1 1
+2 6
-2 6
+2 6 0 0 1 0 0 1
+9 12
-9 6
+9 180 20 20 0 1 0 0 1
+9 12 36

fl=(146)
fn=(530)
25 1 0 2 1 0 0 1
+1 4 2 0 0 1
+3 1
cfi=(147) ./misc/sbrk.c
cfn=(532) sbrk
calls=1 +14 
* 67 25 12 5 2 0 3 2
fi=(143)
2923 2 1 0 1 0 0 1
+1 2
+5 3 1
+3 2
+5 1 1
-2 1
-1 1
+6 1
-3 1
-1 1 0 1
+1 1
+1 1 0 0 1 0 0 1
-1 5 0 1
+1 1 0 1 0 0 1 0 0 1
2534 1 1
2946 1 1
2534 1
2946 8 12
2757 9 2 0 2 1 0 2
+34 1
+6 1
-12 2
+22 2
+1 2
+8 2
-8 1
+11 2
+1 7 1 0 1 0 0 1
+2 2
+1 4 0 2
cfi=(146)
cfn=(531) __glibc_morecore'2
calls=1 25 
* 25 14 6
+12 5 2 1
2010 6 2
2784 1 1 0 1 0 0 1
+94 3 1
-1 1 1
+1 1
-1 2 0 1
+1 1 0 1 0 0 1 0 0 1
+1 3 1 1
+11 2 0 0 1 0 0 1
2712 3
2010 6 2 0 0 1 0 0 1
2746 5 2 0 1 1 0 1 1
+2 1 1
+6 1
-6 4 1 1
+6 1
-7 2 0 1 1 0 0 1
3263 4 0 1 1 0 0 1
fe=(146)

fn=(531)
25 1 0 2
+1 4 2
+3 1
cfi=(147)
cfn=(532)
calls=1 +14 
* 16 10 4
+1 2
+4 1 2

fl=(121) ./string/../sysdeps/arm/armv7/multiarch/memcpy_impl.S
fn=(452) __memcpy_neon
269 41 0 0 1 0 0 1
+1 41
+1 41
+17 41
+5 94 6 6
+2 1
+1 1
+1 2
+15 2
+1 1
+1 2
+1 2
+1 2
+1 2
-24 30 15 15
+2 3
+1 3
+1 3
+15 3
+1 3
+1 5
+1 5
+1 5
+1 5
-24 40 20 20
+2 5
+1 5
+1 8
+15 8
+1 5
+1 7
+1 5
+1 7
+1 5
-24 6 3 3
+2 1
+1 1
+1 1
+15 1
+1 1
+1 1
+1 2
+1 1
+1 2
-24 4 2 2 1 0 0 1
+2 1
+1 1
+1 1
+15 1
+1 1
+1 1
+1 1
+1 1
+1 1
-24 26 13 13 0 1 0 0 1
+2 13
+1 13
+1 18
+15 18
+1 13
+1 14
+1 18
+1 14
+1 18
-22 17
+1 17
+1 26
+15 26
+1 17
+1 20
+1 24
+1 20
+1 24
+4 3 0 3
+4 3
+1 3
+1 3 0 0 1 0 0 1
+1 3
598 3 0 0 1 0 0 1
+1 3
+4 3
+1 3
+1 3
+11 3 0 0 1 0 0 1
+1 3
+1 3
+1 3
+1 3
+13 3 12
+1 3 12
+1 3
+1 3
+10 3 0 12 1 0 0 1
+1 3 0 12 0 0 1 0 0 1
+1 3
+73 3 3
+3 3

fl=(107) ./stdlib/cxa_atexit.c
fn=(398) __cxa_atexit
68 3 1 0 1 1 0 1
cfn=(400) __internal_atexit
calls=1 -32 
* 92 29 24 6 6 0 6 4

fn=(400)
36 4 1 6 2 1 0 2 1
+5 2
+2 32 6 4 0 1 0 0 1
+1 2
cfn=(402) __new_exitfn
calls=1 +36 
* 32 12 9 3 4 0 3 2
+2 1
+6 2 2
+4 1
-1 1 0 2
-3 1 1
+4 1 0 1 1 0 0 1
-4 1
+5 1
-4 1 0 1
+4 7 1 1
+1 1
+1 2 6

fn=(402)
80 2 0 4 2 0 0 2
+6 5 2 0 0 2 0 0 1
+5 4 1 0 0 1
+2 3 1 0 0 1 0 0 1
-2 2 1
+10 1 0 1
-10 1
+46 1 1
-1 2 0 1
+1 6 2 2
+4 1 4
-18 1 0 0 1 0 0 1
-1 1
+1 1 0 1
+11 1

fl=(111)
fn=(426)
28 2 0 2
+2 1
+4 1
-5 1 0 1
+5 1 2

fl=(118) ./string/strchrnul.c
fn=(444) strchrnul
35 20 0 40 1 0 1 1 0 1
+3 20
fi=(171) ./string/../sysdeps/generic/string-misc.h
+4 40
fi=(172) ./string/../sysdeps/generic/string-shift.h
-9 20
fe=(118)
+9 20 20 0 0 4 0 0 4
fi=(172)
-9 20
fi=(171)
+9 20
fi=(173) ./string/../sysdeps/arm/armv6t2/string-fza.h
+10 20
-15 40
+15 20 0 0 1 0 0 1
fe=(118)
-8 40
+4 77 77 0 0 1 0 0 1
fi=(173)
-11 77
+15 77
-15 77
fe=(118)
+12 154
fi=(119) ./string/../sysdeps/generic/string-fzi.h
-10 34
fe=(118)
+12 17
+1 17 34
fi=(119)
-13 6
fe=(118)
+6 3
+7 3 6

fl=(141)
fn=(508)
146 9 2 15 1 1 0 1 1
-96 2
+96 1 1
-96 1
+96 3 1 1
-96 2
cfi=(90) ./csu/../sysdeps/unix/sysv/linux/arm/libc-do-syscall.S
cfn=(336) __libc_do_syscall
calls=1 -10 
* 4 2 2 0 0 1
+2 3
+4 1 2 0 1 1 0 1
-1 1
+2 1 2
fi=(174) ./io/../include/sys/sysmacros.h
-8 8
fe=(141)
+10 2 1 1 0 1
fi=(174)
-10 1
fe=(141)
+11 1 1
-5 1
+5 1 0 1
-5 1
+6 1 1
fi=(174)
-12 1
fe=(141)
+12 1 0 1
fi=(174)
-12 1 0 0 1 0 0 1
fe=(141)
+13 1 1
fi=(174)
-13 1
fe=(141)
+13 1 0 1
+9 2 1 1
-7 2 1 1
+2 2 1 1
+2 1 1
-10 1 1
+11 1 1
+1 1 1
-7 1 1
+2 1 1
+2 1 1
+1 1 0 1
-13 1
cfi=(142)
cfn=(510)
calls=1 -27 
* 58 0 28 3 0 0 3
* 16 8 8 1 0 0 1
fi=(174)
-6 1
fe=(141)
+6 1 0 1
fi=(174)
-6 1
fe=(141)
+6 1 0 1
fi=(174)
-6 2
fe=(141)
+6 1 0 1
fi=(174)
-6 4
fe=(141)
+6 7 0 7 1 0 0 1
161 1
-15 1 1
+16 1 1
-16 1
+16 9 18

fl=(127) ./stdlib/lshift.c
fn=(466) __mpn_lshift
66 7 0 0 1 0 0 1
-29 7 0 35 0 0 1 0 0 1
+27 7
-27 7
+32 7
-3 7 7
+1 7
+2 28
+2 14 7 0 1 0 0 1
+1 28 0 7
-3 21
+6 21 0 7
+3 7 35

fl=(152) ./stdlib/mul_1.c
fn=(558) __mpn_mul_1
29 288 0 96 1 0 0 1
+7 192 0 0 1 0 0 1
+6 48
+3 96 48
+2 48
+3 48 0 48
-2 48
+4 96
-7 100 50
+2 50
+3 50 0 50
-2 50
+4 100
+3 48 96

fl=(159) ./stdlib/cxa_thread_atexit_impl.c
fn=(586) __call_tls_dtors
148 1 0 6 1 0 0 1
+1 2 1 0 0 1 0 0 1
-1 1 1
+1 2 1
-1 1
+1 2 1
+16 1 6 0 1

fl=(92)
fn=(342) __udivsi3
0 120 0 0 3 0 0 3

fn=(340)
0 40 0 30 2 0 0 1
cfn=(342)
calls=10 0 
0 120 0 0 3 0 0 3
0 40 30

fl=(144)
fn=(518)
262 1 0 3 1 0 0 1
+5 1 0 0 1 0 0 1
-5 4 2 0 0 1 0 0 1
+5 1 1
fi=(175) ./malloc/../sysdeps/unix/sysv/linux/not-cancel.h
100 2
fe=(144)
267 1
-5 1 1
fi=(175)
100 1
fe=(144)
262 3 1 1
+5 1 0 1
fi=(175)
100 1
cfi=(90)
cfn=(336)
calls=1 -60 
* 4 2 2
fi=(145) ./malloc/../include/random-bits.h
-66 1
fi=(143)
3145 2
fe=(144)
292 4 2 0 1 0 0 1
+4 10 3 1
fi=(143)
1950 1
+1 1 0 1 0 0 1 0 0 1
-3 1
+3 1 0 1
-3 1
+2 126
+1 126 0 126 0 0 15 0 0 15
-3 126
+3 126 0 126
-3 126
+11 2 1
+1 2 1
-1 1 0 0 1 0 0 1
+1 1
-1 1 0 1
+1 1 0 1 0 0 1
fe=(144)
300 3 1 0 0 1 0 0 1
fi=(143)
1962 1
fe=(144)
300 1
fi=(143)
1962 1 0 1
fe=(144)
300 1
cob=(1)
cfi=(12)
cfn=(28)
calls=12 441 
* 314 84 12 3 21 0 0 12
* 106 33 0 3 1 0 2 1
fi=(143)
3361 2 1
1347 1
3361 2 1
1347 1
3361 1
1347 2 0 0 1 0 0 1
3359 2
+2 1 1
-2 2
+2 1
+71 2 6
3313 3 1 0 1 0 0 1
cfn=(524)
calls=1 -6 
* 580 133 162 40 13 7 37 10 7
-98 5 2 0 0 1 0 0 1
3404 5 2 0 0 1
1328 2
3406 4 1 0 1 0 0 1
cfn=(526)
calls=1 3904 
* 121 27 14 1 2 1 1 2 1
+1 6 1
fe=(144)
153 2

fl=(88) ./ctype/ctype-info.c
fn=(332) __ctype_init
39 13 7 1 2 6 0 1 1
+2 1 1
+2 1 1
-2 1
+2 1
-1 1 0 2
+2 1

fl=(136) ./libio/fileops.c
fn=(492) _IO_file_xsputn@@GLIBC_2.4
1199 7 0 42 1 0 0 1
+6 7
-6 7
+6 14
+7 21 7
+2 7 7
-2 21
+17 3 1
+6 6
+2 6
-2 18
+2 6
cob=(3) ???
cfi=(94) ???
cfn=(450) 0x0488ef90
calls=6 0 
* 216 63 57 4 0 1 4 0 1
+1 6
-1 6
+2 6
-2 6 0 6
+4 12
+28 2 6 0 1 0 0 1
-55 12 6
+1 6
+3 12
-3 6
+3 12
+2 18 6
+2 6
+11 12
-32 1 0 0 1 0 0 1
fi=(138) ./libio/libioP.h
1036 1
fe=(136)
1245 2 0 0 1 0 0 1
fi=(138)
1036 3
+1 2
-1 6
fe=(136)
1245 12
fi=(138)
1036 18
+1 12
fe=(136)
1245 28 7
cfn=(494) _IO_file_overflow@@GLIBC_2.4
calls=7 734 
* 3028 742 800 79 50 26 71 34 24
* 14
+6 14 14
+1 14
-46 6
+63 12 36
-17 14 0 0 1 0 0 1
cfi=(92)
cfn=(340)
calls=7 0 
* 126 21 21
+2 14
+11 14
+1 4
cfi=(137)
cfn=(544) _IO_default_xsputn
calls=1 397 
* 1522 479 223 11 3 0 10 2
+2 3
fi=(138)
1040 12 0 0 1
fe=(136)

fn=(644) _IO_file_setbuf@@GLIBC_2.4
383 2 0 2 1 0 0 1
+1 1
cfi=(137)
cfn=(646) _IO_default_setbuf
calls=1 +94 
* 54 18 21 6 1 0 5 1
* 1
+4 1 1
+3 1
-4 1 0 2
+2 2 0 4
+3 1 2

fn=(648) _IO_file_sync@@GLIBC_2.4
799 1 2 0 1 0 0 1
-5 3 0 3
+5 2
+2 1 2 0 1 0 0 1
+1 2
+11 4 0 2 1 0 0 1
+4 2 3

fn=(546) new_do_write
435 8 8 0 1 0 0 1
-2 16 0 40
fi=(138)
1036 8 8 0 0 1 0 0 1
fe=(136)
433 16
fi=(138)
1036 8
fe=(136)
433 8
+2 16
+15 8 8
fi=(138)
1036 8
+1 16
fe=(136)
450 40 8
cfn=(548) _IO_file_write@@GLIBC_2.4
calls=8 1175 
* 552 232 176 5 1 0 5
+1 8 8
-1 8
+1 32
+6 8 8
-4 8 8
+4 8
-3 8 0 8
-1 16 0 32
+4 8
-2 8 0 8
+4 24 40
-17 32 16 0 1 0 0 1
+14 32 8 0 1 0 0 1

fn=(494)
425 1 0 2 1 0 0 1
+2 3 0 0 1 0 0 1
+1 1 2
734 38 38 0 1 0 0 1
-1 76 0 152
+1 76
+7 152 38
+3 2
+35 93 31
+3 93 0 62
+1 93 31
+1 155
+4 31
+1 31 124
-48 37
+37 37 37
-2 74
+1 12 6
+12 6 24
-12 12
cfn=(542) _IO_do_write@@GLIBC_2.4
calls=6 425 
* 726 276 210
+9 2 4
-1 6
cfn=(542)
calls=2 425 
* 242 92 70 8 2 0 8 1
* 4
-39 2 0 0 1 0 0 1
cfi=(137)
cfn=(496) _IO_doallocbuf
calls=1 370 
* 2176 414 560 75 50 26 67 34 24

fn=(504) _IO_file_stat
1149 2 1 0 1 0 0 1
cfi=(140)
cfn=(506)
calls=1 30 
* 177 53 72 9 4 1 9 2

fn=(542)
425 8 0 16
+2 16
* 8
cfn=(546)
calls=8 +8 
* 904 352 264 8 2 0 8 1
* 24
+1 8 16

fn=(548)
1175 16 0 48 1 0 0 1
+2 24
-1 16
+6 8
cfi=(149) ./io/../sysdeps/unix/sysv/linux/write.c
cfn=(550) write
calls=8 25 
* 352 152 128 4 1 0 4
+1 16
+5 8
+1 8
-12 16
+4 8 16
+1 32
+10 24 16
+3 8 48
-4 16

fl=(117)
fn=(440)
30 42 42 0 1 0 0 1
+10 28
+1 14
+3 28 0 42
+1 14

fn=(488) __printf_buffer_to_file_done
118 14 7
-1 14 0 14
+3 7
cfn=(490) __printf_buffer_flush_to_file
calls=7 -71 
* 5616 1521 1212 101 56 27 91 37 25
+1 7
+1 7 14
-1 7
cfi=(151)
cfn=(556)
calls=7 -95 
* 140 42 7 3 0 0 2

fn=(490)
49 14 0 28
+2 7 14
-2 7
+2 28 14 7
+2 7 7
-2 7
+2 7 0 0 1 0 0 1
-2 7 0 7
+2 14
+12 7
+39 14 28
-39 7
cfn=(440)
calls=7 -35 
* 63 21 21
-6 7 0 0 1 0 0 1
-1 14
fi=(176) ./stdio-common/../libio/libioP.h
1036 7
fe=(117)
58 14 0 0 1
+1 7
fi=(176)
1036 21
+1 14
fe=(117)
59 21 7 0 0 1
cfi=(136)
cfn=(492)
calls=7 1199 
* 5329 1409 1149 99 54 27 89 37 25
* 14

fl=(150) ./nptl/cancellation.c
fn=(552) __syscall_cancel
74 16 0 16 1 0 0 1
+1 56 24 24
cfn=(554) __internal_syscall_cancel
calls=8 -45 
* 176 96 48 2 1 0 2
+4 16
+1 16 16

fn=(554)
30 8 0 32 1 0 0 1
+2 8
-2 24
+7 16 8
+1 32 16 0 1 1 0 1
+2 40 24
cfi=(90)
cfn=(336)
calls=8 * 
* 32 16 16
+24 16 32

fl=(115) ./stdio-common/vfprintf-internal.c
fn=(442) __printf_buffer
600 42 14 63 1 1 0 1 1
+27 7 7 0 0 1 0 0 1
-27 49 14 14 0 0 1 0 0 1
fi=(122) ./stdio-common/printf-parse.h
82 7
fe=(115)
627 14 7
-27 7 0 7 2 0 1 1 0 1
+27 7
fi=(122)
82 7
fe=(115)
627 7 0 7
+11 7 0 7
-11 14 7 7
+11 14 0 7
fi=(122)
82 7
cfi=(118)
cfn=(444)
calls=7 -47 
* 468 78 14 2 4 1 2 4 1
fe=(115)
653 14
fi=(122)
82 14 0 7
fe=(115)
653 14
cfi=(120) ./stdio-common/Xprintf_buffer_write.c
cfn=(448) __printf_buffer_write
calls=7 27 
* 362 109 81 5 0 1 5
+2 21 7
+4 21 7
+4 112 42 7 1 1 0 1 1
+42 7 7
-74 7 0 7
+74 21 7 7
-63 7 0 7
+63 14 0 7
-71 14 0 7
+71 52 13
600 7 7
1044 7 7
600 7
1044 56 84
705 13 13 0 1 0 0 1
-7 13
+7 13
-11 13
+11 13
-12 13
-1 13
-1 13
-1 13 0 13 1 0 0 1
+15 13 13 0 0 1 0 0 1
-18 13 0 13
-2 13 0 26
+20 26 13
-21 13 0 13
-1 13 0 13
+22 26 13 0 0 1 0 0 1
-6 39 0 13
-4 39 0 13
973 7 7
+3 7 7
-3 28
+3 91 28 0 2 0 0 1
fi=(153) ./stdio-common/vfprintf-process-arg.c
39 7
fe=(115)
976 14
+20 7
-20 56 14 35 1 0 0 1
+20 7
-20 7 0 7
+20 35 21 14
+1 7 0 7
263 7
744 7 7
997 7
744 7 7
264 7
744 14 7
263 7
744 7 7
264 7
-1 7
1018 13 13 0 1 0 0 1
+6 13
fi=(122)
82 26
fe=(115)
1018 26 0 13
fi=(122)
82 13
cfi=(118)
cfn=(444)
calls=13 -47 
* 354 59 26 0 1 0 0 1
* 13
fe=(115)
1028 52
cfi=(120)
cfn=(448)
calls=13 27 
* 584 164 112
+3 57 19
fi=(153)
155 54 12 0 1 0 0 1
cfi=(154)
cfn=(564)
calls=6 +14 
* 258 62 56 3 2 0 3 2
+46 6 6
-40 6
+5 6
+35 6
-40 6
+40 24 6 6 1 0 0 1
-40 6
-6 12 0 6
+11 6 0 6
+35 12 0 6
-40 42 6 6
+26 30 6 0 1 0 0 1
-1 18 6
+1 30 10
+10 15 5 0 1 0 0 1
+4 5 10
-2 10
+2 10
+7 5 5
-3 5
+3 25 10
+3 10 5
+19 10
-19 5
fi=(116)
-48 10
fi=(153)
+70 10 0 0 1 0 0 1
+3 24
-39 1 1 0 1 0 0 1
-10 1
+10 2
+11 5 3
-9 1
+9 2
+3 3 1
fi=(116)
-48 4
fi=(153)
+77 24 12 0 1 0 0 1
cfi=(120)
cfn=(448)
calls=6 27 
* 264 73 49
* 6
37 18 6 0 1 0 0 1
+99 18 6 0 1 0 0 1
fe=(115)
814 7 7 0 1 0 0 1
-1 7
+1 14
+26 28 0 7
+15 98 28 0 2 3 0 1 3
fi=(153)
195 24 12 0 1 0 0 1
-20 6
+49 10 0 0 1 0 0 1
fe=(115)
+42 7 0 0 1 0 0 1
cfi=(123) ./stdio-common/printf_fp.c
cfn=(456) __printf_fp_l_buffer
calls=7 1099 
* 8490 2032 1344 124 18 8 87 13 1
1001 7
fi=(116)
163 10
fi=(153)
-25 18 0 6 1 0 0 1
fe=(115)
784 6 6 0 1 0 0 1
fi=(153)
50 12
+2 12
+5 12 0 6
+1 12
-23 6
+23 6 0 6
-23 6 0 6 1 0 0 1
+25 6
fi=(122)
-5 49 7 0 3 1 0 2 1
fe=(115)

fn=(436) __vfprintf_internal
1522 84 28 49 2 1 0 2 1
+3 7 7
-3 21 7 7
+3 16 0 1
+4 35 7
+11 21 7
-18 7 7 0 1 0 0 1
+45 7 7
-45 7
+45 63 70
-42 12 0 0 1 0 0 1
+18 28 0 0 1 0 0 1
cfi=(116)
cfn=(438)
calls=7 127 
* 133 28 63 3 1 0 2 1
+1 35
cfn=(442)
calls=7 600 
* 13082 3185 2084 165 34 12 124 29 4
+1 14 0 0 5
cfi=(117)
cfn=(488)
calls=7 118 
* 5812 1584 1233 104 56 27 93 37 25
* 14 0 0 1 0 0 1

fl=(123)
fn=(456)
1099 42 14 63 6 1 0 2 1
+3 7 7
-3 21
+3 7
-3 35 14 7
+3 7
+13 7
+2 7
-2 7
cfi=(125) ./string/../sysdeps/arm/armv6t2/strlen.S
cfn=(460) strlen
calls=7 54 
* 238 28 14 11 1 1 4 1
* 14 0 7 2 0 0 1
+1 42 14 0 0 1 0 0 1
-17 7 7 0 0 1 0 0 1
+48 7 7
-48 7
+48 56 84
fi=(124) ./stdio-common/../include/../locale/localeinfo.h
330 14 21 0 1 2 0 1
fe=(123)
1112 14 0 14 0 0 1
+5 14 0 0 1
+5 49 14 14
cfn=(462) __printf_fp_buffer_1.isra.0
calls=7 138 
* 7881 1822 1225 103 12 6 79 9 1
+4 7

fn=(462)
138 56 21 70 2 1 2 1 1
+92 7 7
-92 7 7
+92 7
-92 7 7
+39 7 0 0 1 0 0 1
-39 28 7 21
+21 7 7
-21 14 0 7 0 0 1
+21 7
+18 7 0 7
-18 21
+71 7
-71 7 0 7
+28 7 0 7
+43 42 7
-92 7 7 0 1 0 0 1
1030 7 7
138 7
1030 63 84
230 42 0 0 1 0 0 1
cfi=(126) ./stdlib/../sysdeps/ieee754/dbl-64/dbl2mpn.c
cfn=(464) __mpn_extract_double
calls=7 33 
* 147 21 56 6 0 1 2
+36 7 7
-36 28 0 7
+36 7 0 0 1 0 0 1
+14 7
-14 14
+1 7
+3 7
+1 28
+1 14
+1 14
-2 7 0 7
+8 7 0 14
-6 7 0 7
+7 7
+17 1
+4 4 0 0 1 0 0 1
-4 1
+4 1
-4 1
+16 3 1 0 1 0 0 1
-20 1
+82 1 1
-84 1
+78 2 1
-45 2 1
+51 1
-6 1
-86 2
+85 1 1
+1 1 1
-1 1 0 1
fi=(129) ./stdio-common/../string/bits/string_fortified.h
29 3
cob=(3)
cfi=(94)
cfn=(450)
calls=1 -29 
* 20 3 2 0 1 0 0 1
fe=(123)
385 5 2
+9 8
+2 24
-74 53 17 0 1 3 0 1 3
+47 1 1
-45 2
fi=(129)
29 1 1 0 1 0 0 1
fe=(123)
396 1
-8 1 0 1
fi=(129)
29 3 1
cob=(3)
cfi=(94)
cfn=(450)
calls=1 -29 
* 20 3 2
fe=(123)
391 1
-2 1 2
+2 2
+3 1
-5 4 1 0 1 0 0 1
+7 1
-6 2
+6 1
+7 1
-6 1 0 1
+6 1
+4 1 1
+4 2
-4 25 6 0 1 0 0 1
+76 12 0 0 1
674 42 21 7 1 1 0 1 1
-9 7 7
+9 14 14
+6 7 7
-15 7 0 7
+9 14 7 7 0 1 0 0 1
+2 14
+10 7 7
+6 7 7 0 5 0 0 1
-6 14
+52 11 0 0 1 0 0 1
+8 28 7 7 1
fi=(132) ./stdio-common/../sysdeps/pthread/allocalim.h
27 14
cfi=(131) ./nptl/alloca_cutoff.c
cfn=(474) __libc_alloca_cutoff
calls=7 +1 
* 91 7 0 4 1 0 2
+2 63 0 0 1 0 0 1
fe=(123)
759 28 7
-67 7 7
+67 14 0 7
fi=(132)
29 14 0 7
fe=(123)
760 21 7 7
+3 32 6
+2 3 1 0 1 0 0 1
fi=(132)
29 4 2
fe=(123)
769 2
cfn=(478) hack_digit
calls=1 91 
* 160 41 30 10 0 1 9
* 2
cfn=(478)
calls=1 91 
* 70 32 22
* 2 0 2
-3 9 2
+6 1 1
+1 1 1
-1 2 1
+1 5 0 0 1 0 0 1
+2 1 1
-4 1
+4 1 0 1
+13 2 1
-1 1
+1 1 0 1
+1 1
+1 2
-2 12 6 0 1
-1 6
+1 6 0 6
+1 6
+1 12
+3 38
+3 38
-3 38
cfn=(478)
calls=38 91 
* 2154 584 390
-1 38
+4 152
-3 38 0 38 1 0 0 1
+3 76
-1 38
-6 38
+1 90
+15 7 7
+1 7
-1 35 7 7
+1 7
cfn=(478)
calls=7 91 
* 417 121 81
+2 56 7
+2 8 0 0 1 0 0 1
+3 2 1
+4 1
+1 2
-8 4 1
+8 3 1
-9 1
fi=(134) ./stdio-common/../sysdeps/arm/get-rounding-mode.h
38 1
fe=(123)
825 6 1
fi=(135) ./stdio-common/../include/rounding-mode.h
46 2
fi=(134)
-8 6
fe=(123)
825 36 6 0 1
fi=(135)
46 33
fe=(123)
935 3 3
-11 6
+7 6 0 0 1 0 0 1
+4 14
+45 28 21 0 1 0 0 1
+3 14 0 7
+4 7 7
+4 14 7
+5 7
-9 14
+19 21 7 0 1 0 0 1
fi=(116)
163 7
fe=(123)
1006 7 7
fi=(116)
163 49 0 0 1 0 0 1
fe=(123)
1009 14 7
+13 28 7 0 1 0 0 1
cfi=(120)
cfn=(448)
calls=7 27 
* 320 85 57
+2 28 14
+4 21 7 0 1 0 0 1
308 1 0 0 1 0 0 1
-3 1
+3 1
-3 5
cfi=(127)
cfn=(466)
calls=1 66 
* 24 7 7 2 0 1 2 0 1
+4 10 2 1 1 0 0 1
+1 2
+1 5 1 2
499 18
cfi=(127)
cfn=(466)
calls=6 66 
* 144 42 42
+2 6
-1 24 12 12
+1 6
+2 12 6 0 1 1 0 1 1
+1 24 6
-1 12 0 6
+8 6 6 0 0 1
-7 6 0 6
+7 12
623 37 0 0 2 0 0 1
511 130 44 2
+7 6 4
+1 2 2
-1 4
+9 6 4 0 1 0 0 1
+1 4
+3 6 2
-4 2 0 2
+5 2
-1 6 2
+4 2 2
-2 2 0 0 1 0 0 1
-1 4 0 2
+3 4
+5 12 4
+22 4 1
+8 1 1
+1 1 1
-1 1
+1 1
+4 1
-5 1 0 1
+1 2
+4 1
+4 16 3 0 1 0 0 1
+1 1
+23 3
-23 1
+7 1
+14 1
-14 1
+14 2
+12 4 1
cfi=(130) ./stdlib/rshift.c
cfn=(472) __mpn_rshift
calls=1 45 
* 28 8 8
+3 1 1
+7 1 1
-7 3 0 1
fi=(135)
52 14 0 0 1 0 0 1
fe=(123)
825 4
fi=(135)
52 8
fe=(123)
830 8
+5 44 8 0 1 0 0 1
+2 4 0 1
-2 9 1
+2 8 0 4
-2 36 4
+3 2
+2 9 2
+2 3 1
-2 27 6
+2 9 3
+2 12 0 4
+80 12 4
-69 12 4
+80 4 4
-11 12
+64 7 7 0 1 0 0 1
-1 14
+9 28 14 0 1 0 0 1
fi=(116)
163 14
fe=(123)
1001 14
+2 14
766 3 1 0 1 0 0 1
623 150 0 0 1
+78 6 0 6
-11 6
-1 6 0 6
+1 6 0 6
+10 12 0 6
385 3 2 0 1 0 0 1
cfi=(128) ./stdlib/cmp.c
cfn=(468) __mpn_cmp
calls=1 35 
* 17 3 1 2 0 0 2
* 1 0 0 1 0 0 1
+3 2
-3 2
991 7
+3 7
+2 21
689 7 0 0 2 0 0 1
-1 7 0 7
+1 7
+12 7
-9 14 0 0 3 0 0 1
+2 1 1
-4 1
+1 1
-1 1 0 1
+6 1
-7 1 0 1
+5 2 0 1
+2 3 0 1
529 4
-5 4
+1 2 2 0 1
-1 4 2 2
+1 2
-1 6
cfi=(155) ./stdlib/mul.c
cfn=(568) __mpn_mul
calls=2 48 
* 150 52 34 4 2 0 4 1
* 2
810 4 2 0 1 0 0 1
-27 30 12 6 1 0 0 1
-1 18 6 6
-1 12 0 6
669 18 0 6
542 2 0 0 1 0 0 1
+4 2 0 0 1
-2 2 0 1
+2 1
+16 2
-16 1 0 1
+16 1
+2 3 1
+1 1
+58 2
411 2 1 0 1 0 0 1
+2 2
+64 2 0 1 2 0 0 2
647 12 0 6 1
+44 6
+10 12
430 1 1 0 1 0 0 1
-1 2
+1 2 0 0 1 0 0 1
+3 2
+1 3
+8 1
+10 2
+18 1
+1 1
-1 6
cfi=(130)
cfn=(472)
calls=1 45 
* 28 8 8 2 0 0 2
+4 4 2
-1 1 1 0 1 0 0 1
+1 1
-1 2 0 1
+1 1
cfi=(130)
cfn=(472)
calls=1 45 
* 28 8 8
+3 1 1
+1 6 2
625 12 0 0 1 0 0 1
+4 24 18 0 1 0 0 1
cfi=(152)
cfn=(558)
calls=6 29 
* 191 29 29 2 0 0 2
+1 6 6
+1 6 6
-1 6 0 6
+1 6
+3 6 6
-1 6 6
+1 6
-1 6
+1 12
-1 6
+3 6 6
-2 12 0 0 1 0 0 1
+9 6 6
+1 6
-1 6 0 6
+2 30 6
-3 6 0 0 1 0 0 1
+3 18

fn=(478)
91 47 47
-3 141 0 188
+3 173 42
+2 45 45
+2 45 90
-2 90
+8 10
+4 35 10 10 1 0 0 1
cfi=(133)
cfn=(480)
calls=5 -59 
* 230 84 68 8 0 1 7
+2 20 15 5
+3 5 5
-2 5 5
+2 5 0 5
+1 20 5
+1 5 0 5
-1 5
* 5 5 0 1 0 0 1
+1 5
-1 10
-16 40
+1 40
-1 40
+1 120
-1 40 40
+1 40
cfi=(152)
cfn=(558)
calls=40 -67 
* 1005 155 155
* 40 0 40
+31 80
+1 120 160
-37 294 42 42
+37 6 8
-10 5
-1 10 0 5
+1 5
+10 15 20

fl=(131)
fn=(474)
28 56 7 0 4 1 0 2
+7 35

fl=(167) ./nptl/libc-cleanup.c
fn=(642) __libc_cleanup_pop_restore
54 2 0 4 1 0 0 1
+1 2
+2 4 2
+2 2
-2 2 0 2
+2 2 2
+1 4 2
+14 2 4 0 1 0 0 1

fn=(640) __libc_cleanup_push_defer
25 2 0 0 1 0 0 1
+2 2
+2 2
-2 4 2 2
+2 2 2
+3 4
+14 2
-2 2 0 2
+4 4 0 2

fl=(120)
fn=(448)
27 33 0 198 0 0 1
+1 66 33
+3 132
+2 66 33
+3 33
fi=(129)
-7 33
fe=(120)
+8 99
fi=(129)
-8 33
fe=(120)
+12 33
fi=(129)
-12 33
cob=(3)
cfi=(94)
cfn=(450)
calls=33 -29 
* 672 101 68 3 0 0 3
fe=(120)
+11 33 33
-9 33
+9 66 0 33
-9 33
+2 99 33 0 1 0 0 1
+11 33 198 0 1 0 0 1

fl=(102) ./libio/stdfiles.c
fn=(382) _IO_stdfiles_init
67 4 2 0 1 1
+2 1 0 1 0 0 1
-1 1
-1 3 1
+2 2 0 2 0 0 1
-1 2
-1 6 2 0 0 2
+3 1

fl=(126)
fn=(464)
33 14 0 21 1 0 1 1
+23 7
-21 7 0 0 5 0 0 1
+3 14
+18 7
-19 14 0 7
+5 7
-4 7 0 7
+4 7 0 7
+61 14
-62 7 0 7
+62 14
-47 14
+51 21 21

fl=(128)
fn=(468)
35 3 0 0 1 0 0 1
-4 4 0 1 1 0 0 1
+6 1 1
-2 1
+3 1 1
+1 2
+8 3
+1 2 1

fl=(137)
fn=(496)
fi=(136)
756 2
+9 2 1
+1 2
+4 1
-4 2
+4 2 0 2
+2 2 0 1 1 0 0 1
+1 1 1
-7 2
+1 1 0 2
+6 1
-5 1 0 1
+5 1
+3 2
+1 2 1
+12 1 4
-12 2
-4 2 0 0 1 0 0 1
+1 4
-27 1 1
+9 1 1
-9 3 0 3
fe=(137)
370 2 1 0 1 0 0 1
+2 1 1
-3 2 0 4
+3 2
fi=(138)
1036 1 1 0 0 1 0 0 1
fe=(137)
373 1 1
fi=(138)
1036 2
+1 2
fe=(137)
373 3 1 0 0 1
cfi=(139)
cfn=(500) _IO_file_doallocate
calls=1 78 
* 2124 399 546 72 48 26 64 33 24

fn=(540)
355 2 0 6 1 0 0 1
+1 1 1
-1 2
+1 1 1
-1 1
+1 1
+3 1 0 2
+1 1
+1 2 0 1
+3 1 6

fn=(576) __overflow
227 1 1 0 1 0 0 1
-2 2 0 2 1 0 0 1
+2 1
fi=(138)
1036 1 1 0 0 1
fe=(137)
229 1 1
fi=(138)
1036 2
+1 2
fe=(137)
229 1 1
+1 2 2
-1 1
cfi=(136)
cfn=(494)
calls=1 734 
* 156 57 41

fn=(636) _IO_cleanup
874 4 2 8 1 1 0 1 1
-71 1
+71 1
-71 1
+71 1 1
-72 1
+72 3 1 1
+1 1
cfn=(638) _IO_flush_all
calls=1 712 
* 215 80 39 11 5 0 11 2
-73 1 1
+73 1
-73 5 0 2 1 0 0 1
cfi=(167)
cfn=(640)
calls=1 25 
* 12 2 3
+1 9 4
+7 1 1 0 1 0 0 1
218 1
811 1 1
-1 1
+1 2 1
-1 1 0 1
+1 4 2
-1 2 0 2
+1 22 9
+8 6 3 0 1 0 0 1
+2 9 3 0 1 0 0 1
+3 9 3
+2 6 2
+20 3
+2 3
-2 3 0 3
+2 36 12 6
+1 3 3 0 1 0 0 1
-43 3 3
+43 6 0 3
-43 6
+47 5 2
+1 2
cfi=(167)
cfn=(642)
calls=1 54 
* 10 5 3
+20 1 1
+13 1 1
-13 1
+13 9 11
-59 6 2 0 1 0 0 1
+2 2 0 1
+2 2 1 1
+2 1 1
-1 1 0 1
+1 1 0 1
fi=(138)
1036 1 1
fe=(137)
837 1 1
fi=(138)
1036 2
+1 2
fe=(137)
837 5 1 0 1 0 0 1
cfi=(136)
cfn=(644)
calls=1 383 
* 64 21 29 7 1 0 6 1
+2 3 1
+9 2 1
-37 12 0 6
-8 2 0 1 1 0 0 1
+3 1 1 0 0 1 0 0 1
-3 1 0 1
+3 4 1
+47 8 2 2

fn=(544)
397 1 0 8 1 0 0 1
+3 2
fi=(138)
1036 3 1 0 1 1 0 1 1
fe=(137)
399 1
fi=(138)
1036 1
fe=(137)
405 93 62
+20 92 30
fi=(138)
1036 30
+1 60
fe=(137)
425 120 60
cfi=(136)
cfn=(494)
calls=30 734 
* 997 318 215 8 2 0 8 1
* 60 0 0 1
+2 30
-22 30
+25 2 8

fn=(646)
478 2 0 6 1 0 0 1
fi=(138)
1036 1 1 0 0 1 0 0 1
fe=(137)
479 1 1 0 1 0 0 1
-1 1
fi=(138)
1036 1
fe=(137)
478 1
fi=(138)
1036 1
+1 2
fe=(137)
479 3 1
cfi=(136)
cfn=(648)
calls=1 799 
* 15 7 5 3 0 0 3
* 2
+4 1 1
-2 3
356 1 1
481 1
+10 1
363 1
493 1
359 1 0 2
+4 1 0 1
491 2 0 3
+1 2 0 3
+2 1 6
-11 2 0 0 1
+1 1
-1 1 0 1
356 4

fn=(638)
712 1 0 8 1 0 0 1
+5 2 1 0 0 1 0 0 1
-5 1
+6 1
-1 3
+1 1
-1 1 0 2
-5 7 4 1 1 0 0 1
+5 1
cfi=(167)
cfn=(640)
calls=1 25 
* 12 2 3 1 0 0 1
+1 9 4 0 0 1 0 0 1
+5 1 1 0 1 0 0 1
-10 1
+11 1 1
fi=(138)
1036 1 1
fe=(137)
723 1
+1 1
fi=(138)
1036 1
fe=(137)
724 1 1
-1 1 0 1
+1 4 2 0 0 1
-1 2 0 2
+1 22 9 0 1 2 0 1
+2 9 3
+8 42 15 6 1 0 0 1
+1 6 3
-14 3 3
+14 6 0 3
-14 6
+18 5 2
+1 2
cfi=(167)
cfn=(642)
calls=1 54 
* 10 5 3 2 0 0 2
-28 1 1
+32 1 1
-32 1
+32 9 11
-18 9 6 0 2 0 0 2
-2 12 0 6
-3 1 1 0 1 0 0 1
-3 2 0 1
+3 1
-3 1 0 1
+3 1 1
-8 1
+8 2
+18 8 2 2

fl=(148) ./misc/../sysdeps/unix/sysv/linux/brk.c
fn=(534) brk
36 2 1 0 1 1 0 1 1
fi=(177) ./misc/../sysdeps/unix/sysv/linux/brk_call.h
-12 1
fe=(148)
+12 2 0 1
fi=(177)
-12 1 0 0 1
cfi=(90)
cfn=(336)
calls=1 +16 
* 4 2 2
fe=(148)
+13 1 1
+1 1
-1 2 1 1
+7 2
-6 1
+7 1 1
fi=(147)
+17 2
+4 3
+8 1
cfi=(148)
cfn=(535) brk'2
calls=1 -38 
* 22 10 4
-15 2
+4 2 1
fe=(148)

fn=(535)
36 2 1
fi=(177)
-12 1
fe=(148)
+12 2 0 1
fi=(177)
-12 1
cfi=(90)
cfn=(336)
calls=1 +16 
* 4 2 2
fe=(148)
+13 1 1
+1 1
-1 2 1 1
+7 2
-6 1
+7 1 1
fi=(147)
+29 2
+4 2 4
fe=(148)

fl=(130)
fn=(472)
45 27 0 0 1 0 0 1
-6 9 0 54
+6 9
+20 9 9
-1 18
-1 9
+6 9
-3 9
+3 45
+2 18 9
+1 9
-3 9
+3 27 0 9 1 0 0 1
-3 9
+2 10 5
+1 5
-3 5
+3 15 0 5
-3 5
+6 27 0 9
+3 9 54

fl=(158) ./stdlib/exit.c
fn=(584) __run_exit_handlers
45 4 1 3 1 1 0 1 1
+2 2
-2 3 0 2 1 0 0 1
+2 34 8 5
+3 2
+3 23 5 3 1 1 0 1
+11 2 2
+2 2
+11 1 1
+46 2 2
-46 1
+46 5 1 2 1 0 0 1
-49 6 2 0 0 1
+2 1
+1 1 1
-1 1 0 1
+3 1
-2 1 1
+2 5 1
+44 4 0 0 1 0 0 1
-57 1 1
+4 1 1
+66 1
-66 3 0 1
+66 7 1 1
+2 2
+3 2 1
cfi=(168) ./posix/../sysdeps/unix/sysv/linux/_exit.c
cfn=(650) _Exit
calls=1 30 
* 6 0 3 2 0 0 1
-27 1 1 0 1 0 0 1
-3 2 0 1
+3 1 1
-1 1 1
+1 2 2 0 1 0 0 1
+3 1
-3 1
+3 6 1 1
+1 3 1
cob=(1)
cfi=(160) ./elf/dl-fini.c
cfn=(588) _dl_fini
calls=1 -92 
* 2652 843 428 56 47 1 27 11
+1 21 3 3
+4 2 2 0 1 0 0 1
+6 3 2 1 1 1 0 1
+1 2
-79 1 0 0 1 0 0 1
cfi=(159)
cfn=(586)
calls=1 +97 
* 10 10 6 2 1 0 1 1
* 1
+88 1
cfi=(137)
cfn=(636)
calls=1 874 
* 534 188 114 27 8 0 26 5
* 1

fn=(582) exit
148 1 1 0 1 1 0 1
-1 1 0 2
+1 4
cfn=(584)
calls=1 45 
* 3370 1084 575 97 60 1 65 18

fl=(114) ./stdio-common/printf.c
fn=(434) printf
28 56 21 35 2 1 0 2 1
+5 7 7
-5 42 21 7
+4 7 0 7
+1 28 14
cfi=(115)
cfn=(436)
calls=7 1522 
* 19398 4937 3437 283 92 39 225 68 29
-5 7 7
+9 7 7
-9 7
+9 70 28 0 1

fl=(106) ./csu/libc-start.c
fn=(396) __libc_start_main@@GLIBC_2.34
242 9 2 9 2 1 0 2 1
+69 2
+1 4
cfi=(107)
cfn=(398)
calls=1 68 
* 95 30 24 7 7 0 7 4
+25 5 3
+6 3 3
-3 1
+10 2 1
cfi=(108)
cfn=(420)
calls=1 29 
* 25117 6723 4376 434 192 47 309 102 33
cob=(1)
cfi=(44) ./elf/dl-audit.c
cfn=(418) _dl_audit_preinit
calls=1 118 
* 6 10 8 1 1 0 1 1
* 9 1 0 1 0 0 1
128 3 3 0 1 0 0 1
+6 2 1
+1 7 2 1 0 1
cob=(3)
cfi=(94)
cfn=(404) 0x001083d0
calls=1 0 
* 9 5 2 1 1 0 1
* 1 1
+3 1 1
+1 2
+4 1 1
-1 1 1
+1 1 1 0 1 0 0 1
-2 1 1
+2 1
+1 5 0 1
+1 5 1
cob=(5)
cfi=(103) ???
cfn=(410) 0x00000645
calls=1 0 
* 13 3 0 2 1 0 2
-1 4 1

fl=(149)
fn=(550)
25 8 0 16 1 0 0 1
+1 16
-1 8
+1 24 0 24
cfi=(150)
cfn=(552)
calls=8 +48 
* 280 136 88 3 1 0 3
+1 16 16

fl=(156) ./libio/putwchar_u.c
fn=(572) putchar
25 1 1 0 1 1 0 1 1
fi=(157) ./libio/putchar.c
+2 1 1
-2 4 0 5
+2 5 3
-2 1
+3 9 2
fi=(138)
990 4
+1 8 4
fi=(157)
27 14 4 2 2 2 1 2 2 1
fi=(138)
991 2 0 2
fi=(157)
31 3 5
-3 1 0 0 1 0 0 1
cfi=(137)
cfn=(576)
calls=1 227 
* 170 63 43 2 1 0 2
* 2
fe=(156)

fl=(165) ./posix/register-atfork.c
fn=(604) __unregister_atfork
83 4 2 0 1 1 0 1 1
-1 4 0 12
+1 30 4 4 1 1 0 1 1
fi=(166) ./posix/../malloc/dynarray-skeleton.c
243 6 4 0 0 1 0 0 1
fe=(165)
71 4
+38 20 4 2 1
+1 2 12

fl=(87)
fn=(330) __libc_early_init
fi=(95) ./stdlib/../sysdeps/unix/sysv/linux/getrandom.c
278 1 0 0 1 0 0 1
fe=(87)
34 12 5 6 1 2 0 1 1
+2 1 0 0 1 0 0 1
cfi=(88)
cfn=(332)
calls=1 +3 
* 19 9 3 2 6 0 1 1
+3 1 1
fi=(91) ./elf/../sysdeps/nptl/pthread_early_init.h
-6 1
fe=(87)
+9 3 2
-3 1 1
+3 1
fi=(91)
-9 1
fe=(87)
+9 2 0 2 0 0 2 0 0 2
-3 1 0 1
fi=(91)
-6 1
cfi=(89) ./resource/../sysdeps/unix/sysv/linux/getrlimit.c
cfn=(334) getrlimit
calls=1 +4 
* 199 61 15 12 10 1 9 5 1
fe=(87)

fl=(155)
fn=(568)
48 30 10 22 2 1 0 2
+6 4
+12 2
-18 2 2
+94 2 2
-94 2
+94 18 24
-71 2 2 0 0 1 0 0 1
+1 4 0 0 1 0 0 1
+11 2 2
+5 2
-5 2
+1 2
-1 2 0 2
+5 2
-7 4 0 0 1 0 0 1
cfi=(152)
cfn=(558)
calls=2 -52 
* 66 10 10
* 2

fl=(164) ./stdlib/cxa_finalize.c
fn=(602) __cxa_finalize
45 2 2 0 1 1 0 0 1
+3 4 2
-3 8 0 18
+3 30 6 4
+54 2 2 0 1 0 0 1
-51 2 2 0 0 1 0 0 1
+7 2 2
+44 2
-51 2
+51 2 0 2
-44 2
+44 2 0 2
-44 2 0 2
-7 8 4
+4 12 2
-4 6 2 0 1 0 0 1
+57 10 4
+6 2
-2 12 2 0 0 1
-4 6 2 0 1 0 0 1
+11 2
+1 4
cfi=(165)
cfn=(604)
calls=2 -37 
* 70 26 18 3 3 0 2 3
+1 16 2 2
+1 4 18

fl=(90)
fn=(336)
40 14 0 28 2 0 1 1
+5 14
+1 14
+1 13 26

fl=(89)
fn=(334)
37 1 0 0 1 0 0 1
-1 1 0 1
+1 1
cfi=(90)
cfn=(336)
calls=1 +3 
* 4 2 2 1 0 0 1
* 2
+1 1 1
fi=(91)
-5 1
+1 3 1
+4 4
+7 2 2 0 0 1
fi=(178) ./elf/../nptl/nptl-stack.h
+16 1 2 0 0 1
fi=(91)
-16 1 1
fi=(178)
+16 4 0 0 1 0 0 1
cfi=(92)
cfn=(340)
calls=1 -61 
* 20 3 3 4 0 0 4
fi=(91)
-8 1 1
-7 1
fi=(178)
+15 1
fi=(91)
-8 1
-7 1
+6 5
+2 1 0 1 0 0 1 0 0 1
-2 2
+1 1 0 1
-1 1 0 1
+4 1
cfi=(93)
cfn=(344)
calls=1 -1 
* 137 48 6 5 8 0 2 5
fe=(89)

fl=(101) ./libio/vtables.c
fn=(380) check_stdfiles_vtables
545 1 1 0 0 1 0 0 1
+1 1 1
-1 1
+1 7 3 0 0 2
+4 1
-3 5 3 0 1 1 0 0 1
+1 6 3 0 0 1

fl=(168)
fn=(650)
30 1 0 0 1 0 0 1
-3 1 0 1
+3 1
cfi=(90)
cfn=(336)
calls=1 +10 
* 3 0 2 1

fl=(78) ./string/../sysdeps/arm/armv7/multiarch/ifunc-memchr.h
fn=(288) memchr
25 4 1 0 1 1 0 1 1
fi=(179) ./string/../sysdeps/arm/armv7/multiarch/memchr.c
+7 1 0 0 1
fe=(78)

fl=(139)
fn=(500)
78 10 4 5 1 1 0 1 1
+6 3 1
fi=(138)
1036 1 1
fe=(139)
84 1 1
fi=(138)
1036 2
+1 2 0 0 1 0 0 1
fe=(139)
84 4 1
cfi=(136)
cfn=(504)
calls=1 1149 
* 179 54 72 10 4 1 10 2
* 2
+2 4 1
+15 2
cfi=(143)
cfn=(514)
calls=1 3385 
* 1892 327 468 57 43 25 50 30 24
* 3 1
-10 1 2 0 1 0 0 1
fi=(180) ./libio/../include/sys/sysmacros.h
-44 3
fe=(139)
+44 1
-2 2 0 0 1 0 0 1
+8 1 1
-3 1 1
+3 1
-3 2 0 1
+3 4
fi=(137)
373 2
+3 1 4 0 1
fe=(139)

fl=(147)
fn=(532)
fi=(146)
30 2
+4 1 2
fe=(147)
+9 2 2 0 1 1 0 1 1
-6 4 0 8
+6 2
-6 2 2
+6 2 2
-6 2
+6 2 0 0 1 0 0 1
+35 2 4
-38 6 6
+18 2
+4 2
-3 2 0 0 1
cfi=(148)
cfn=(534)
calls=1 -23 
* 50 17 8 2 1 0 1 1

fl=(125)
fn=(460)
54 7 0 0 4 0 0 1
+1 7 0 14 0 0 1
+5 7
+1 7
+1 7
+1 7
+1 7
+9 7
+1 7
+1 7
+1 7 0 0 3 0 0 1
+1 7
+32 7
+1 7
+1 7
+1 7
+2 7
+2 7
+1 7 14
+4 7
+1 7
+4 7 14 0 2 1 0 1 1
+1 7
+1 7
+1 7
+1 7 0 0 2 0 0 1
+1 7
+1 7
+1 7
+1 7
+1 7
+1 7
+1 7
+1 7

fl=(98) ./csu/init-first.c
fn=(374) _init_first
51 1 1 0 1 1 0 1 1
-5 2 0 4
+5 1
-5 3 1
+5 1 1
-5 1
+5 1
+4 8 6 0 0 1
+6 1 1
+10 2
-10 1
+1 1 0 2
+1 3 2 1 0 1 1 0 0 1
+9 2 4
-1 1 0 0 1
cfi=(99)
cfn=(376)
calls=1 -41 
* 108 22 10 5 2 1 4 1

fl=(161) ./nptl/pthread_mutex_lock.c
fn=(590) pthread_mutex_lock@@GLIBC_2.4
77 1 0 4 1 0 0 1
+3 2 1
+4 1
-4 1
+4 1
+4 2
+96 1 1 0 1 0 0 1
-2 1 1
+2 1
-2 1 0 1
+2 1 0 1
-60 1
+66 1 4
-82 4 1 0 1 0 0 1
+4 1
+3 1 1
-3 1
+3 3 1
-71 1 1 0 1 0 0 1
+1 8 3 0 0 1 0 0 1
+1 1 0 1
+84 2
+1 3 0 1

ob=(4) /usr/libexec/valgrind/vgpreload_core-arm-linux.so
fl=(97) ???
fn=(628) 0x00000369
0 9 3 0 2 1
cfn=(632) 0x000003eb
calls=1 0 
0 5 3 1

fn=(364) 0x00000344
0 6 3 0 1 2 0 1

fn=(368) 0x00000409
0 13 3 0 2 2 0 2 1

fn=(620) 0x000003c9
0 14 7 2 1 3
cfn=(628)
calls=1 0 
0 14 6 1 2 1
cob=(2)
cfi=(164)
cfn=(602)
calls=1 45 
0 95 37 22
cob=(1)
cfi=(104) ./elf/../sysdeps/arm/dl-trampoline.S
cfn=(392) _dl_runtime_resolve
calls=1 40 
0 745 212 100 6 8 0 1
0 8 3 1 1 1 0 1
fi=(163) ./elf/dl-call_fini.c
42 3
+5 1 1
+1 1
+1 2 2
+1 1 4
-1 2
fe=(97)

fn=(632)
0 5 3 1

ob=(1)
fl=(72) ./elf/../include/list.h
fn=(260) __tls_init_tp
43 1 1 0 1 1 0 0 1
fi=(20) ./elf/../sysdeps/nptl/dl-tls_init_tp.c
+33 1
-7 1 0 4
+1 1
fe=(72)
-27 1
fi=(20)
+30 1
-4 1
fe=(72)
-25 1
fi=(20)
+29 1
fe=(72)
-30 2 1 1
+1 1 0 1 1 0 0 1
fi=(20)
+32 1
fe=(72)
-31 1 0 1
+1 1
+1 1 0 1
fi=(20)
+29 1
cfi=(16) ./elf/../sysdeps/unix/sysv/linux/arm/libc-do-syscall.S
cfn=(32) __libc_do_syscall
calls=1 -36 
* 4 2 2
+7 1 1
+7 1
-13 1
+13 1 0 2
-7 1
-6 1 0 1
+17 3
-11 2 1 1
+8 2 0 1
-13 2 0 1 1 0 0 1
+16 1
cfi=(16)
cfn=(32)
calls=1 -54 
* 4 2 2
+16 4
cfi=(12)
cfn=(28)
calls=1 441 
* 27 7 1
* 1 1
fi=(73) ./elf/../sysdeps/unix/sysv/linux/rseq-internal.h
-10 1
+24 2 1
fi=(20)
-12 2 1
fi=(73)
+12 1
fi=(20)
-12 1
fi=(73)
+12 1 1
fi=(20)
-12 1 0 1
fi=(73)
+12 2 0 1
fi=(20)
-6 4 2 1
+1 2 4
fi=(73)
-17 1 1 0 0 1 0 0 1
+10 1
-19 1 1
+9 1
-9 1 0 0 1
+15 1 1
-15 1 1
+15 1
-15 1
+15 2
+4 3
cfi=(5) ./string/../sysdeps/arm/memset.S
cfn=(8) memset
calls=1 -84 
* 40 0 8 0 0 1 0 0 1
+4 1
+2 1
-2 1 0 1
+2 5
cfi=(16)
cfn=(32)
calls=1 -78 
* 4 2 2
+1 2
fe=(72)

fl=(160)
fn=(588)
26 1 0 9 1 0 0 1
+17 1 0 0 1 0 0 1
+6 1 1 0 0 1 0 0 1
+10 1 1 0 0 1 0 0 1
-33 1
+20 1 1
+3 1
+10 1
-13 1
-20 2
+23 1
+10 1
-13 7 1 2 0 1
+3 5 2 0 1 0 0 1
cob=(2)
cfi=(161)
cfn=(590)
calls=1 +28 
* 40 14 8 4 1 0 4 1
+2 1 1 0 0 1
+3 1
+2 5 2
-10 5 2
+95 3 1
+2 2
-2 4 1 0 1
+6 5 2
+7 3 9
-91 3 0 1 1 0 0 1
-2 1 0 1
+2 1
cfi=(44)
cfn=(352) _dl_audit_activity_nsid
calls=1 -18 
* 13 4 0 1 1
+5 5 1
+6 1 1
-6 2 0 1
+6 2 0 0 1 0 0 1
-2 1
+2 2
+2 8 4
+15 8
-15 4
+2 8
+2 4 0 4
+6 4 4
-5 4 0 4 0 0 1
+1 4
+4 8 0 4
-12 13 4
+19 9 0 0 1 0 0 1
+1 4
+6 4 1
cfi=(14) ./elf/dl-sort-maps.c
cfn=(222) _dl_sort_maps
calls=1 298 
* 292 105 63 12 4
+9 7 3
cob=(2)
cfi=(162)
cfn=(592)
calls=1 368 
* 47 13 8 5 1 0 5
+5 12 1 3 1 0 0 1
+14 4 4
-14 8
+14 8 0 4
-14 4
+2 4 4
+2 12 4
+2 8
cfi=(163)
cfn=(596) _dl_call_fini
calls=4 -92 
* 1981 604 284 24 35 0 10 7
+3 8 0 0 1 0 0 1
cfi=(44)
cfn=(618) _dl_audit_objclose
calls=4 -26 
* 24 40 32 1 1 0 0 1
* 6 3
+8 2
+4 3
cfi=(44)
cfn=(352)
calls=1 -90 
* 13 4
* 2 1

fl=(1) ???
fn=(114) __memcpy_from_thumb
0 9 3 0 1
cfi=(26) ./string/../sysdeps/arm/armv7/multiarch/memcpy_impl.S
cfn=(58) memcpy
calls=3 269 
0 88 28 28 0 0 2 0 0 2

fn=(246) __udivsi3
0 13232 0 0 14 0 0 9

fn=(244) __aeabi_uidivmod
0 424 0 318 1 0 3 1 0 1
cfn=(246)
calls=106 0 
0 13232 0 0 14 0 0 9
0 424 318 0 2 0 0 1

fn=(0) _dl_help
0 3 1 0 1 1 0 1 1
cfi=(2) ./elf/rtld.c
cfn=(2) _dl_start
calls=1 548 
0 141189 37077 18840 1094 1626 257 863 1043 210

fl=(27) ./elf/dl-execstack-tunable.c
fn=(66) _dl_handle_execstack_tunable
24 1 0 1 1 0 0 1
+1 2
-1 1
+1 2
cfi=(12)
cfn=(28)
calls=1 441 
* 27 7 1 0 2 0 0 2
* 4 1
+14 2 1
fi=(2)
1689 4 2 0 0 1 0 0 1
+2 1 1
+1 1 1
-2 1 1
+1 1 1
fi=(4) ./elf/../sysdeps/generic/ldsodefs.h
79 1 1
fi=(2)
1692 1
-2 1 1
+1 3
+1 1
-2 2
cfi=(28) ./string/../sysdeps/arm/armv7/strcmp.S
cfn=(68) strcmp
calls=1 158 
* 8 2 0 1 2 0 1 2
* 1
+5 1 1
+3 2
-3 1
+3 1 0 2
-3 1 0 1
+5 3 1 0 1 0 0 1
+1 2 0 1
+4 5 2
+2 2
fi=(3) ./elf/./get-dynamic-info.h
39 3 1
+6 1 1 0 0 1 0 0 1
-2 1
+2 1
+10 2
+4 2 0 0 1 0 0 1
-5 1
-5 50
+5 12
+1 12
-1 6
+2 2
+1 2
-1 1
+3 3
+3 5
+2 3
+4 1 0 1
-23 3 1
+23 24 0 24 1 0 4 1 0 4
-23 72 24 0 0 3 0 0 3
+27 3 1
fi=(4)
+7 1 1
fi=(3)
-7 2
+12 2 1
+1 5 2 1
+1 5 2 1 1 0 0 1
+1 5 2 1
+1 2 1
+1 5 2 1
+1 5 2 1
+1 5 2 1
+15 1 1
+4 1 1
-4 6 1 1 1 0 0 1
+4 1
+3 3 1
+13 2 1
+1 4 2
+2 2 1
+18 2 1
+15 2 1 0 1 0 0 1
+2 2 1 1
+1 1
+1 3
+8 5 2
+6 1
+1 3 0 0 1 0 0 1
+3 2 1
fi=(2)
1715 2 1
+7 2
cfi=(9) ./elf/dl-setup_hash.c
cfn=(16) _dl_setup_hash
calls=1 25 
* 25 11 10 0 1 0 0 1
+3 3 1 0 1 0 0 1
fi=(29) ./elf/./setup-vdso.h
24 5 2
fi=(31) ./elf/../sysdeps/unix/sysv/linux/dl-vdso-setup.h
+9 1 0 0 1 0 0 1
fi=(2)
1750 2 1 0 1 0 0 1
fi=(31)
33 1
fi=(2)
1750 1
fi=(181) ./elf/./dl-main.h
109 1 2
fi=(31)
-76 1 0 1
fi=(181)
+76 2 2
cfi=(32) ./elf/dl-load.c
cfn=(82) _dl_init_paths
calls=1 680 
* 1531 435 291 37 11 7 34 9 7
fi=(2)
1750 3 1 0 1 0 0 1
cfi=(40) ./elf/dl-debug.c
cfn=(120) _dl_debug_initialize
calls=1 120 
* 36 16 8 4 3 1 3 3 1
+7 1 1
-5 1
-2 1 0 1
+2 1 0 1
+5 2
+4 2 1
+3 1 1
-3 1
1256 1 1 0 0 1 0 0 1
1764 1
-2 1
1256 1
1761 3 1 1
+4 1 1
-3 1 0 1
+3 2 0 1 1 0 0 1
-1 1 1
-1 1 0 1
+1 2 0 1
+1 3 1 1
1256 3 1 0 0 1 0 0 1
+1 3 1
+2 1 1
+3 1 1
-3 1
+6 1 1
-3 1 0 1
+3 2 0 1
+7 1 0 0 1 0 0 1
-11 1 0 1
+11 3
+4 2 1
+1 2 1
-1 1
-5 1
+6 1
-1 4 1
-4 15
+2 21 7 0 0 2 0 0 2
+3 2 2
-1 2 2 0 1 0 0 1
+1 4
-1 2
+2 6
+1 6
+4 3 2 0 0 1 0 0 1
-11 4
+11 6
-11 2
+19 2
-1 1
+1 5 1 0 1 0 0 1
+2 3 2
+1 1 1
-1 1 0 1
+1 1 0 1
1770 5 2 0 0 1 0 0 1
225 1 1
fi=(4)
79 1 1
fi=(2)
224 1 1
+1 3 1
-1 1 1 0 1 0 0 1
+2 1
1779 3 1 0 1 0 0 1
+5 3 1
-1 1
1366 1 0 1
1808 1
cfi=(41) ./elf/dl-tls.c
cfn=(122) _dl_count_modids
calls=1 222 
* 6 3 0 1 1 0 1 1
fi=(42) ./elf/../sysdeps/generic/dl-debug.h
29 1 1
fi=(2)
1808 1 0 1
fi=(42)
29 1
+1 2 1 1
fi=(2)
1814 3 1
cfi=(40)
cfn=(126) _dl_debug_change_state
calls=1 105 
* 13 3 1 2 1 0 1
+5 3 0 0 1 0 0 1
cfi=(44)
cfn=(130) _dl_audit_activity_map
calls=1 29 
* 6 13 10 2 1 0 1 1
+5 4 2
+4 3 1
226 3 0 0 1 0 0 1
fi=(30) ./elf/../sysdeps/unix/sysv/linux/dl-vdso.h
40 3 2 0 1 1 0 1 1
+1 2
fi=(31)
-11 5 1 3 1 1 0 1 1
fi=(30)
+25 2
fi=(2)
1760 4 2 1 1 0 0 1
+72 5 1 0 1 1 0 1 1
cfn=(132) handle_preload_list
calls=1 852 
* 103115 27578 13438 447 1248 154 365 817 127
fe=(27)

fl=(83) ./elf/dl-lookup-direct.c
fn=(314) _dl_lookup_direct
74 6 0 27 1 0 0 1
+1 3 3 0 1 0 0 1
-1 12 3
+2 3
+2 12 3
cfi=(1)
cfn=(244)
calls=3 -78 
* 388 9 9
* 6 6 0 0 2
+1 3
+2 6 3
+5 3
-2 3 3 0 0 2 0 0 2
+2 3
+1 3
-3 3
+3 3
-1 3 0 0 1 0 0 1
+1 3
-3 6
+3 9 0 3
cfn=(316) check_match
calls=3 -56 
* 590 146 48 2 13 0 2 10
+3 6
+26 9 27

fn=(316)
31 6 0 24 1 0 0 1
+1 3 3
-1 9 3
+1 3 3
fi=(4)
+47 3 3
fe=(83)
-47 12
+1 3
+3 12 6 0 1 3 0 1 3
+12 15
+3 3 3
+2 3 3
-2 6 3
+2 6
cfi=(28)
cfn=(68)
calls=3 158 
* 273 47 12 0 6 0 0 6
* 3
+4 6 6 0 0 2
+1 21 6 0 0 1
+1 9 3
cfi=(28)
cfn=(68)
calls=3 +99 
* 179 33 12 0 1 0 0 1
-19 9
+24 6 24

fl=(60) ./io/../sysdeps/unix/sysv/linux/close_nocancel.c
fn=(182) __GI___close_nocancel
fi=(32)
1467 8 18
1354 4
+13 6 2
+4 2 2
-2 2 2
+2 2
-2 6 2 2
+2 6 2
+16 4
cfi=(9)
cfn=(16)
calls=2 25 
* 50 22 20 3 3 0 0 3
+4 6 2
+1 6 2 0 1 0 0 1
+17 6 2
+1 3 1 1
+3 8 4 4
+5 3 1
-5 8 4 4
+5 3 1
+5 10 4 0 1 0 0 1
+12 16 6
+10 4 2
+1 4 1
+5 2
cfi=(41)
cfn=(214) _dl_assign_tls_modid
calls=1 156 
* 12 8 6 1 1 0 1
+7 6 2
cfi=(23) ./elf/dl-object.c
cfn=(62) _dl_add_to_namespace_list
calls=2 33 
* 102 33 22 5 1
+3 6 2 0 1 0 0 1
+3 8 2
cfn=(184) _dl_notify_new_object
calls=2 908 
* 82 50 30 9 3 0 4 1
+2 2
-30 6 2 0 1 0 0 1
fi=(4)
79 1 1
fi=(32)
1437 2 1
+1 1 1
-1 4 2
+1 1
-1 3
cfi=(28)
cfn=(68)
calls=1 158 
* 71 11 4 0 2 0 0 2
* 2
+2 7 2 1
fi=(48) ./elf/dl-misc.c
63 3 4
fe=(60)
-37 3 0 0 1 0 0 1
-1 3 0 3
+1 3
cfi=(16)
cfn=(32)
calls=3 +14 
* 12 6 6
* 6
+1 3 3

fl=(12)
fn=(28)
441 184 69 0 5 28 0 2 20
+14 78 26 13 0 7 0 0 3
+12 143 26 0 0 2
+2 13
-2 110 20
+2 10
-19 60 20 10 2 6 0 0 4
+1 10

fn=(22) __GI___tunables_init
300 5 2 0 2 1 0 2 1
-6 1 0 9
+10 1
+16 1 1
-26 1
-49 1 1
+59 3
+16 1
-16 1 0 1 0 0 1 0 0 1
-59 2
+59 1
cfi=(5)
cfn=(8)
calls=1 28 
* 58 0 24 0 0 2 0 0 2
43 106 26
+6 1727 267 0 1 11 0 1 11
+4 50
+4 125 25
fi=(13) ./elf/dl-tunables.h
160 115 45 0 0 1 0 0 1
+1 305 25 0 1 0 0 1
fe=(12)
+27 75
319 75 25 0 0 1 0 0 1
+1 50
+2 50 25 0 0 1 0 0 1
-3 525 175
+1 350
+2 350 175 0 0 7 0 0 7
-5 600
46 25 0 0 1 0 0 1
-3 75
340 4 2 0 0 1 0 0 1
-95 5 2
+98 24
+3 8 8
+4 8
-4 16
+9 2 9
fi=(13)
160 208 208 0 1 0 0 1
+1 1664
-1 24 8
fe=(12)

fl=(18) ./string/../sysdeps/arm/armv6t2/strlen.S
fn=(38) strlen
54 12 0 0 1 0 0 1
+1 12 0 24
+5 12
+1 12
+1 12
+1 12
+1 12
+1 7
+1 7
+3 7 14
+1 7
+1 7
+2 7
+1 7
+1 7
+1 7
+1 7
+3 7 14
+1 7
+1 7
+1 7
+1 7
+1 7
+1 7
+3 5 10
+1 5
+1 5
+1 5
+1 5
+1 5
+1 5
+3 5 10
+1 5
+1 5
+1 5
+1 5
+1 5
+1 5
+1 5
+1 5
-37 6 12
+1 6
+1 6
+2 6
+1 6
+1 6
+1 6
+1 6
+3 3 6
+1 3
+1 3
+1 3
+1 3
+1 3
+1 3
+3 3 6
+1 3
+1 3
+1 3
+1 3
+1 3
+1 3
-22 5
+1 5
+1 5
+1 5 0 0 1 0 0 1
+1 5
+3 4 8
+1 4
+1 4
+1 4
+1 4
+1 4
+1 4
+3 2 4
+1 2
+1 2
+1 2
+1 2
+1 2
+1 2
+3 1 2
+1 1
+1 1
+1 1
+1 1
+1 1
+1 1
+1 1
+1 1
+3 12
+1 12
+1 12
+1 12
+2 12
+2 12
+1 12 24
+4 12
+1 12
+4 5 10 0 1 0 0 1
+1 5
+1 5
+1 5
+1 5 0 0 1 0 0 1
+1 5
+1 5
+1 5
+1 5
+1 5
+1 5
+1 5
+1 5

fl=(55) ./misc/../sysdeps/unix/sysv/linux/setvmaname.c
fn=(168) __set_vma_name
35 4 2 0 1 1 0 1 1
-2 5 0 4
+7 4
cfi=(12)
cfn=(28)
calls=1 441 
* 27 7 1 0 2 0 0 2
* 2 1
+7 4 1 1 1
+2 2 4

fl=(36) ./elf/dl-hwcaps_split.c
fn=(92) _dl_hwcaps_split
25 6 0 24 0 0 1 0 0 1
+1 12 6
+4 12 3 3
+4 9 3
+2 3
-9 6 0 0 1 0 0 1
+20 6 24

fn=(90) _dl_hwcaps_split_masked
51 10 0 10 1 0 0 1
+3 10
cfn=(92)
calls=5 -29 
* 49 31 23 1 0 1 1 0 1
* 5
+8 5 10

fl=(15) ./elf/../sysdeps/unix/sysv/linux/brk_call.h
fn=(30) brk
fi=(7) ./elf/../sysdeps/arm/dl-machine.h
201 4 2 0 0 1 0 0 1
fi=(10) ./elf/../sysdeps/unix/sysv/linux/dl-sysdep.c
-77 1 0 0 1 0 0 1
cfi=(18)
cfn=(38)
calls=1 -70 
* 34 4 2 4 0 0 4
* 1 0 1
+2 2
cfi=(19) ./elf/../misc/sbrk.c
cfn=(40) sbrk
calls=1 -89 
* 10 6 4 2 1 0 2 1
* 4 1
+12 4 2
+3 6 4
cfi=(2)
cfn=(42) dl_main
calls=1 1360 
* 106641 28530 13983 562 1312 179 471 870 152
fe=(15)
24 1 0 0 1 0 0 1
fi=(17) ./elf/../sysdeps/unix/sysv/linux/brk.c
+12 2 0 1
fe=(15)
-12 1
cfi=(16)
cfn=(32)
calls=1 +16 
* 4 2 2
fi=(17)
+13 1 1 0 0 1 0 0 1
+1 1
-1 2 0 1 0 0 1 0 0 1
+7 2 0 0 1
-6 1
+7 1 1
fe=(15)

fl=(10)
fn=(350) _dl_sysdep_start_cleanup
149 1 0 0 1

fn=(18) _dl_sysdep_start
104 1 1 0 1 1 0 1 1
-24 1
+23 2 0 9
+1 1
-24 1 1
+23 1
-21 1 1 0 0 1 0 0 1
+22 1 0 1
-24 1
+1 1 1
+1 1
-2 2 1 1
+1 1
+1 1
-1 1 0 1
+1 1
+2 1 1
-1 1
-1 1 0 1 0 0 1 0 0 1
+2 76 25 0 1 2 0 1 2
+3 1 1
+4 3
-4 3 0 1 0 0 1 0 0 1
+4 1
cfi=(5)
cfn=(8)
calls=1 -63 
* 94 0 54 0 0 4 0 0 4
fi=(11) ./elf/../sysdeps/unix/sysv/linux/dl-parse_auxv.h
-49 1 1
-8 1
-1 1 1
+7 1
-6 1 0 1
-1 1
+7 1 0 1
-7 1 0 1
+9 3
+1 1
+1 6
-2 4 1 0 1 0 0 1
+1 20
+1 120 0 0 2 0 0 2
-2 80 20
+6 1 1
+17 1 1
-17 1 0 1 0 0 1 0 0 1
+1 1 1
+16 1
-16 1 0 1
+16 2
-15 1 1
+15 1
-15 1 0 1
+1 2 1 1
+1 1 1
+15 1 1
-15 1 0 1
+1 1 1
+14 1
-14 1 0 1
+14 2
-13 1 1
+13 1
-13 1 0 1
-5 1
+6 1 1
-5 1
+5 1 0 1
-4 1 0 0 1 0 0 1
+5 1 1
-4 1
+4 1 0 1
fe=(10)
+38 1 1
+1 1 1
+1 1 1
fi=(11)
-50 1 1
+1 1 1
+10 1 1
fe=(10)
+39 1 0 1
+15 1
fi=(11)
-65 1 1
fe=(10)
+49 1 0 2
fi=(11)
-49 1
+2 2 1 1 0 0 1 0 0 1
+1 2 1 2
+1 2 1 2
+1 2 1 2
+1 2 1 2
+1 2 1 1 1 0 0 1
+1 2 1 1
+2 2 1 1
-9 1 1
+8 1 1
-8 1
-1 1 0 1
+11 1 0 1
-2 1 0 1
-8 1 0 1
+18 3 1 1
+2 3 1 1 0 0 1 0 0 1
fe=(10)
+44 1
cfi=(12)
cfn=(22)
calls=1 300 
* 6642 1029 34 6 23 3 6 23 3
+3 1
cfi=(14)
cfn=(26) _dl_sort_maps_init
calls=1 289 
* 106767 28563 13997 576 1320 180 482 877 153
fi=(2)
498 3 1 0 1
+87 3 9 0 0 2
fe=(10)

fl=(48)
fn=(204) _dl_sysdep_read_whole_file
36 2 0 4 2 0 0 2
+3 1
-3 2
+3 1
cfi=(49) ./io/../sysdeps/unix/sysv/linux/open64_nocancel.c
cfn=(154) __open64_nocancel
calls=1 -11 
* 25 4 6
+1 1
-3 2
+3 1
+2 2
cfi=(52) ./io/../sysdeps/unix/sysv/linux/fstat64.c
cfn=(162) __fstat64_time64
calls=1 -12 
* 161 44 71 0 1 0 0 1
* 2
+2 2 1 1
+3 1
+13 2
cfi=(60)
cfn=(182)
calls=1 -34 
* 13 7 3
-11 5 0 2
cfi=(54) ./misc/../sysdeps/unix/sysv/linux/mmap.c
cfn=(166) mmap
calls=1 -14 
* 16 7 5
* 2
fi=(64) ./elf/dl-cache.c
466 3 2 0 1 0 0 1
+3 1 1
-3 2
+3 5 1 2
cfn=(208) search_cache
calls=1 199 
* 946 170 52 9 14 0 9 14
* 1
+15 5 2
+4 2
+8 2
cfi=(18)
cfn=(38)
calls=1 54 
* 65 12 2
+1 2
+1 1
-1 1
+1 1
-1 1
+1 2
cfi=(26)
cfn=(58)
calls=1 269 
* 30 10 10
+1 1
cfi=(38) ./string/strdup.c
cfn=(110) strdup
calls=1 40 
* 129 39 24 1 0 1 0 0 1
+1 3 7
395 1
+8 5 1 0 1 0 0 1
+1 4 1
cfi=(22) ./string/memcmp.c
cfn=(48) bcmp
calls=1 298 
* 56 19 9 6 2 0 5 2
* 2
+3 8 1 0 2 0 0 1
fi=(65) ./elf/../sysdeps/generic/dl-cache.h
194 1 1
+1 4
fi=(64)
415 2 1 0 0 1 0 0 1
+1 2 0 2
fe=(48)

fn=(150) _dl_name_match_p
68 28 0 56 1 0 2 1 0 2
+1 14 14
-1 14
+1 14
cfi=(28)
cfn=(68)
calls=14 +89 
* 133 36 4 3 0 0 3
* 14
+3 14 14
+2 14
+4 15 15
-4 15
+1 12 4
cfi=(28)
cfn=(68)
calls=4 +83 
* 273 43 12 6 1 0 6 1
* 42 14 0 0 1
cfi=(28)
cfn=(68)
calls=14 +83 
* 223 48 12
* 36
-5 3
+11 3 12
-1 11
+1 11 44

fl=(46) ./elf/dl-catch.c
fn=(226) _dl_receive_error
190 3 0 6 1 0 0 1
58 1 1 0 0 1
192 1 1
58 1
192 1
58 1 1
192 1 1
58 1
+1 1 1
+11 1 0 1
196 3 1 1
+2 1
cfi=(2)
cfn=(228) version_check_doit
calls=1 676 
* 3606 1030 338 22 40 17 19 33 13
69 4 2
+1 1 0 1
201 3 1 1
+1 1 6

fn=(140) _dl_catch_exception
208 2 0 4 1 0 0 1
58 2 2 0 0 1 0 0 1
208 2
58 2
208 2 0 4 0 0 2 0 0 2
+3 2 0 2
58 2 2
211 4
+21 6 2 2 0 0 2 0 0 2
+1 4 0 2
58 2 0 0 1 0 0 1
239 6
cfi=(47) ./setjmp/../sysdeps/arm/setjmp.S
cfn=(142) __sigsetjmp
calls=2 28 
* 44 8 38 4 1 3 1 1 3
* 4
+2 4 4
cfi=(62) ./elf/dl-deps.c
cfn=(194) openaux
calls=1 61 
* 5050 1199 983 83 55 36 57 48 36
cfi=(2)
cfn=(146) map_doit
calls=1 641 
* 2782 771 455 88 33 23 76 29 23
59 8 4 2 1 1 0 1
+11 4 0 2
261 2 1 1
+2 1 2
-1 1 0 1
+1 4 0 1 1 0 0 1
+2 2 4
fi=(62)
-57 21 7 0 1 2 0 0 1
-18 2
417 2
fi=(24) ./elf/../include/rtld-malloc.h
56 1 1 0 0 1
fi=(62)
422 2
-3 1
fi=(24)
56 2
fi=(62)
419 2 0 1
fi=(24)
56 1 1
fi=(62)
419 1 0 1 0 0 1 0 0 1
fi=(24)
56 1
cfi=(25) ./elf/dl-minimal-malloc.c
cfn=(56) __minimal_malloc
calls=1 -19 
* 25 10 8 0 0 1 0 0 1
fi=(62)
417 2 0 0 1 0 0 1
fi=(24)
56 1 1
fi=(62)
422 2
-3 1
fi=(24)
56 2
fi=(62)
419 2 0 1
fi=(24)
56 1 1
fi=(62)
419 1 0 1
fi=(24)
56 1
cfi=(25)
cfn=(56)
calls=1 -19 
* 25 10 8
fi=(62)
423 8 2
+7 4
+1 2
-1 2
-1 2 0 2
+1 2
cfi=(26)
cfn=(58)
calls=2 269 
* 34 3 3
+1 8
cfi=(26)
cfn=(58)
calls=2 269 
* 34 3 3
+2 2
+2 2 2
-1 2 0 2
+1 4 0 2
+4 12 4
188 3 3
+5 3
+4 3 3
-4 3 0 3
+4 9 3
+1 33 6 0 1
fi=(66) ./elf/../include/scratch_buffer.h
-67 6 2
cfi=(67) ./malloc/scratch_buffer_set_array_size.c
cfn=(218) __libc_scratch_buffer_set_array_size
calls=2 30 
* 30 10 8 2 0 0 2
fi=(62)
+70 6
+4 6 4
+5 1 1
+5 1
+6 1 1
-11 1 1
fi=(4)
79 1 1 0 1
fi=(62)
210 3
+6 1 0 1
-6 2
+7 2 1 1
+1 2 1 1
+3 1 1
-6 1 0 1
+6 2
+7 2 1
-38 1
+29 1 0 1
+9 1
-38 1 0 1
+38 1
-38 2 0 2
+38 3 0 1
+4 2
-2 1 0 1
+2 3 1
cfi=(46)
cfn=(141) _dl_catch_exception'2
calls=1 -24 
* 312 88 59 7 2 0 1 1
+1 6 2 0 1 0 0 1
+9 2 2
+2 6 2
+5 2
+8 6 2 2
-4 2 0 4
+6 2
-5 2 0 2
+1 2 2
+1 2 0 2
-1 2 0 2
+4 6 2 2
+4 4 2
+1 2 0 1
-43 147 49 0 1 2
+1 96
+6 5 2
cfi=(32)
cfn=(106) _dl_dst_count
calls=1 * 
* 149 26 10
* 5
-7 8 4
+45 188 47 0 2 0 0 2
fi=(66)
85 3 1 0 1 0 0 1
fi=(62)
448 11 3
+4 3 1 1 0 1
fi=(24)
56 1 1 0 1 0 0 1
fi=(62)
464 1 1
fi=(24)
56 1
fi=(62)
464 1
fi=(24)
56 3 1
cfi=(25)
cfn=(56)
calls=1 -19 
* 25 10 8
fi=(62)
465 3
+6 1 1
+3 1
-2 1
-1 1 0 1
-1 4 1 1
+8 12 4 0 1 0 0 1
+7 4 0 4 0 0 1 0 0 1
-1 12
+1 4
+5 12 4 4
-16 12 4
+21 3 1
+37 2 0 0 1 0 0 1
+4 1 1
+11 1
-14 2 0 0 1 0 0 1
+20 1 1 0 1 0 0 1
-1 1
+1 2 1 0 0 1 0 0 1
-1 2
+1 3 1
-1 5 1
cfi=(14)
cfn=(222)
calls=1 298 
* 248 93 63 9 1 1 8 1 1
+5 2 0 1
+1 1
+2 1 1
-1 1 0 1
+1 2 0 1
+1 2 0 0 1 0 0 1
+7 2 1
+3 3 1
+3 3 9
-27 3
cfi=(26)
cfn=(58)
calls=1 269 
* 22 4 4
* 1
-98 2 0 1 1 0 0 1
271 8 0 0 1 0 0 1
442 9 3
-1 4 4
+1 8
183 5 4 1 1 0 0 1
494 6 0 0 1 0 0 1
fe=(46)

fn=(141)
208 1 0 2 1
58 1 1
208 1
58 1
208 1 0 2
+3 1 0 1
58 1 1
211 2
+21 3 1 1
+1 2 0 1
58 1
239 3
cfi=(47)
cfn=(142)
calls=1 28 
* 22 4 19 1 1
* 2
+2 2 2
cfi=(62)
cfn=(194)
calls=1 61 
* 247 70 27 5 1 0 1 1
69 4 2
+1 4 2 1
243 4 1 3
-25 1
+34 2 2
59 4 2 1
+11 2 0 1

fn=(138) _dl_catch_error
258 5 0 4 1 0 0 1
+2 4 1
cfn=(140)
calls=1 -52 
* 2842 789 486 95 36 26 81 31 26
fi=(2)
800 2 1
+8 4 1
+6 2 6
fe=(46)

fl=(80) ./elf/dl-find_object.c
fn=(302) _dlfo_process_initial
505 1 0 10 1 0 0 1
+1 3 2 0 0 1 0 0 1
+3 2 1
-1 2
+1 1
+2 2 0 0 1
cfn=(304) _dlfo_process_initial_noncontiguous_map
calls=1 -36 
* 321 96 35 7 15 0 7 1
fi=(24)
56 1 1 0 0 1
fe=(80)
596 1
+1 2
fi=(24)
56 1
fe=(80)
597 1 1
fi=(24)
56 3 1
cfi=(25)
cfn=(56)
calls=1 -19 
* 25 10 8 0 2
* 1
fe=(80)
597 1 0 1
+2 1
+3 2
+5 1 0 1
+1 1
cfn=(303) _dlfo_process_initial'2
calls=1 505 
* 829 287 185 4 12 3 4 0 3

fn=(303)
505 1 0 10
+1 3 2
+3 2 1
-1 2
+1 1
+2 2
cfn=(304)
calls=1 -36 
* 472 150 77 0 12 3 0 0 3
611 2 1 0 1 0 0 1
+10 1 6
-8 2 0 0 1 0 0 1
+3 5 3 1
+2 1

fn=(304)
475 8 0 18 1 0 0 1
+2 6
cfi=(81) ./elf/./dl-find_object.h
cfn=(306) _dl_find_object_from_map
calls=2 95 
* 253 82 30 4 9 2 4 0 2
+37 10 4 0 0 1
+10 2 2
-10 2
+15 2 2
-15 2
+10 2
+5 2
-14 4 2 0 1 0 0 1
+1 4 4
-1 4
+3 24 4 0 0 2
+3 16 4
+3 32 4 0 1 0 0 1
+5 6 3
+3 1
-1 3
cfi=(81)
cfn=(306)
calls=1 95 
* 282 91 46 0 10 1 0 0 1
+2 4
-7 3
cfn=(305) _dlfo_process_initial_noncontiguous_map'2
calls=1 -51 
* 117 44 18 0 5 0 0 1
-15 4

fn=(305)
475 8 0 18
+2 6
cfi=(81)
cfn=(307) _dl_find_object_from_map'2
calls=1 95 
* 123 46 22 0 2 1 0 0 1
cfi=(81)
cfn=(306)
calls=1 95 
* 94 30 8 0 4
+39 2 2
-1 2
-1 14 4 0 0 1 0 0 1
+32 2 2
+2 2
-2 4 0 2
+2 2 20
-22 4

fn=(310) _dlfo_sort_mappings
554 2 0 0 1 0 0 1
-1 1 0 9
+4 2
-4 2
+4 6 0 3
+4 1
+1 2
-1 3 1 0 1 0 0 1
+1 1
-1 4
+1 8
-1 12 4
+1 14 5
+1 5 5
+2 15
-3 5
+3 10
-3 10
+1 10 10
+2 30
-3 10
+3 20
-3 20
+8 10
-13 5 5
+14 5
-1 5 5
+1 5
-14 10 0 5
+13 10 20
+1 10
+1 5
-2 20 5 30
+1 20 25 25
+1 20 25 25
-15 15 5
+17 2 9

fn=(300) _dl_find_object_init
581 1 1 0 1 1 0 1 1
-3 1 0 6
+3 2 1 0 0 1
+2 3 1 0 1 0 0 1
+7 4 1 2
+7 1 1
-1 1
cfn=(302)
calls=1 -91 
* 1202 399 240 13 31 3 12 2 3
fi=(2)
2340 2 1 0 0 1
+4 7 2 0 1 0 0 1
cfi=(74) ./elf/dl-reloc.c
cfn=(268) _dl_relocate_object_no_relro
calls=1 207 
* 1838 483 222 0 17 1
+3 1
cfi=(82) ./elf/../sysdeps/nptl/dl-mutex.c
cfn=(312) __rtld_mutex_init
calls=1 30 
* 765 151 65 9 12 0 7 10
+1 2
cfi=(8) ./elf/dl-minimal.c
cfn=(318) __rtld_malloc_init_real
calls=1 76 
* 2845 746 385 6 20 1 5 2
+3 2
cfi=(40)
cfn=(326) _dl_debug_post_relocate
calls=1 46 
* 702 184 89 3 5 0 2 1
+4 4 1
cfi=(74)
cfn=(292) _dl_protect_relro
calls=1 353 
* 29 8 3
+5 5 2 0 0 1
cfi=(86) ./elf/dl-call-libc-early-init.c
cfn=(328) _dl_call_libc_early_init
calls=1 29 
* 652 156 60 19 26 3 14 12 3
+7 1
cfi=(10)
cfn=(350)
calls=1 149 
* 1 0 0 1
+4 2
cfi=(40)
cfn=(186) _dl_debug_update
calls=1 94 
* 10 3 0 1 2
+1 2 0 0 1 0 0 1
cfi=(40)
cfn=(126)
calls=1 105 
* 13 3 1 1 2
+4 3
cfi=(44)
cfn=(352)
calls=1 45 
* 13 4 0 1 1 0 0 1
+4 1
cfi=(64)
cfn=(354) _dl_unload_cache
calls=1 509 
* 24 7 5 2 2
+5 3 9 0 0 1
fe=(80)

fl=(54)
fn=(166)
35 18 9 27 2 0 0 2
+3 18
+4 36 9
cfi=(16)
cfn=(32)
calls=9 -2 
* 36 18 18
* 27
+6 9 27

fl=(25)
fn=(118) __minimal_free
97 1 0 4
+2 5 2 0 1 1 0 0 1
+7 1 4

fn=(54) __minimal_calloc
87 8 0 0 1 0 0 1
-7 8 0 32 0 0 1 0 0 1
+8 40 0 0 1 0 0 1
-4 8
+4 24
fi=(24)
-32 16 8 0 0 2
fe=(25)
+36 8 32
fi=(24)
-36 24 8
cfi=(25)
cfn=(56)
calls=8 -19 
* 311 110 79 7 5 0 6 4
fe=(25)

fn=(56)
37 24 24 0 1 2 0 1
-1 48 0 120 0 0 1 0 0 1
+1 24
-1 24
+1 72 24 0 0 2 0 0 1
+11 69 46
+1 23
-1 23
+3 46
-3 23 0 23
+3 23
-3 2 1
+1 1
-1 1
+3 2 0 0 1 0 0 1
-3 1 0 1
+3 70
+5 1 1
+1 1
-1 6 1
+1 5
+2 1
+1 6 0 2
cfi=(54)
cfn=(166)
calls=1 -25 
* 16 7 5 2 0 0 2
* 1
+2 2
+2 4 1
cfi=(55)
cfn=(168)
calls=1 -29 
* 48 15 6 2 3 0 1 3
+1 6 2
+2 1
+3 2
-3 1 1
+4 1
-4 2 0 1
+3 2 1
+1 1 0 2
+2 2 5
-3 46 23 0 1
+1 23 0 46
+2 46 115
-30 1 1 0 1 0 0 1
-1 1 1
+1 1
-1 1
+1 2 1
+1 1
-1 1
+1 1
-2 2 0 1

fl=(34) ./elf/dl-hwcaps-subdirs.c
fn=(86) _dl_hwcaps_subdirs_active
29 2 0 0 1 0 0 1

fl=(41)
fn=(298) _dl_allocate_tls_init
602 3 0 10 1
+1 3 0 1
+10 3 2 0 0 1 0 0 1
-6 1 1 0 0 1
+6 4 1 0 1 1 0 1
cfi=(20)
cfn=(64) rtld_mutex_dummy
calls=1 45 
* 2 0 0 1
+3 4 2 0 0 1
+12 1 1
-18 1
+39 1 1
-40 1
+19 1
+21 1
-21 1 1
+5 6 1
+19 7 0 3 1 0 0 1
-10 1 1
+1 2
+6 4 2
+3 1 1
-2 1
+2 1
-2 2
+6 1 1
-4 4 0 2
+4 1
-1 2
+4 2 0 0 1 0 0 1
+1 3 2
+5 2 1
+17 1 1
-10 1 0 1
+10 7 1
+2 3 1 1
cfi=(26)
cfn=(58)
calls=1 269 
* 24 5 5 0 1
* 6 3
cfi=(5)
cfn=(8)
calls=1 28 
* 49 0 18 0 0 1
+3 1 1
+5 1 1
-5 1
+1 5 3 1
-55 7 1 1
+6 4 0 0 1 0 0 1
+59 7 3
cfi=(20)
cfn=(64)
calls=1 45 
* 2
+3 1 0 1
+3 3 10 0 1 0 0 1

fn=(250) _dl_allocate_tls_storage
509 1 0 4 1
fi=(70) ./elf/./dl-tls_block_align.h
23 1 1 0 0 1 0 0 1
fe=(41)
+68 1 1
fi=(70)
-68 1
fe=(41)
+68 1
fi=(70)
-68 1 1 0 1 0 0 1
fe=(41)
+68 5 1 1
fi=(24)
-35 1 1
fe=(41)
515 1 1
fi=(24)
56 1
fe=(41)
515 1
fi=(24)
56 3 1
cfi=(25)
cfn=(56)
calls=1 -19 
* 25 10 8
fe=(41)
517 2
fi=(70)
41 1 1
+18 4
cfi=(1)
cfn=(244)
calls=1 -59 
* 20 3 3
* 1
+7 4 0 0 1 0 0 1
cfi=(5)
cfn=(8)
calls=1 -38 
* 382 0 314 0 0 21 0 0 21
fe=(41)
527 1
+2 1
-2 1 0 1
+2 1
cfn=(256) allocate_dtv
calls=1 -77 
* 60 24 18 2 1 1 1 1 1
+1 2
97 7 2 1
535 2 4

fn=(240) _dl_tls_static_surplus_init
125 1 0 3 1 0 0 1
+3 1
-3 2
+3 4 0 0 1 0 0 1
cfi=(12)
cfn=(28)
calls=1 441 
* 26 7 1 0 4 0 0 1
+1 1
-1 1 1
+1 3
cfi=(12)
cfn=(28)
calls=1 441 
* 26 7 1 0 1 0 0 1
+1 4
+2 1
-3 1 1
+3 2
+3 1
-24 2
+26 1 1 0 0 1
-26 1
+28 1 1
-2 1
+2 1
-28 1
+26 1 0 1
+2 2 0 1 0 0 1 0 0 1
+1 2 3

fn=(242) _dl_determine_tlsoffset
363 1 1 0 1 1 0 0 1
243 1 0 9
363 1
243 1
363 3 1 0 1 0 0 1
246 1
361 1
245 1
-1 2 0 1
366 1 1
+8 1
-8 5 3 0 0 1
+8 3
-8 6
+3 1 2
+7 1
-7 1
+3 1 1
-2 1
+6 1
-4 1
-3 1
+3 2
+4 1
-4 1 0 1
+4 2 0 0 1 0 0 1
-2 3 0 1
+14 5
cfi=(1)
cfn=(244)
calls=1 0 
* 20 3 3 3 0 0 3
* 1
+1 2
+1 2
+2 2 0 1
+1 2
+6 6 1
-35 1 1
-1 2
+1 3 3 0 1 0 0 1
-1 6
fi=(69) ./elf/../sysdeps/unix/sysv/linux/dl-extra_tls.h
32 5
cfi=(12)
cfn=(28)
calls=1 441 
* 27 7 1 0 2 0 0 2
* 1 1
+12 1
-11 1
+4 13 4 0 1 1 0 1
cfi=(1)
cfn=(244)
calls=1 -37 
* 20 3 3
* 1
+14 4
cfi=(12)
cfn=(28)
calls=1 441 
* 27 7 1
* 1 1
+1 1
fe=(41)
419 4
cfi=(1)
cfn=(244)
calls=1 0 
* 20 3 3
* 1
+21 1 1
-3 1
fi=(69)
68 1 1
fe=(41)
440 1
-1 1 1
fi=(69)
68 1
fe=(41)
439 1
+8 1 0 1
fi=(69)
68 1 0 1
fe=(41)
440 1 1
-1 1 0 1
+1 4 0 1
+8 2 9
fi=(69)
54 1 1 0 1 0 0 1
fe=(41)
416 1 1
fi=(69)
54 2 1
fe=(41)
416 3
+3 3

fn=(296) _dl_tls_initial_modid_limit_setup
1125 3 2 0 1 1 0 1
+3 6 1
+6 3 1
-6 3
+2 2 2
+1 4
+6 3 1 1 0 0 1
+1 1

fn=(294) _dl_add_to_slotinfo
1163 2 0 8 1 0 0 1
+1 5 2 0 1 0 0 1
+11 2 1 0 0 1 0 0 1
-3 1 1
+3 2 1
+1 1
+4 3 1
+36 1
+9 1
+1 1 8
-7 2 0 1
+1 5 2 1 1 1 0 1
+2 4 1 1

fn=(122)
222 4 2 0 1 1 0 1 1
+1 1 1
+15 1

fn=(214)
156 1 1 0 1 1 0 1
-3 1 0 4
+3 3 1
+53 4 2
+2 1 0 1
+3 1 0 1
+1 1 4

fn=(256)
452 2 0 4 1 0 0 1
+5 3 2 0 0 1 0 0 1
fi=(24)
44 2 1
fe=(41)
461 1 0 0 1
fi=(24)
44 4 1
cfi=(25)
cfn=(54)
calls=1 +43 
* 42 16 12
fe=(41)
463 1
+3 3 0 1 0 0 1 0 0 1
+6 1 0 1
+6 1 4

fl=(2)
fn=(136) do_preload
787 1 0 6 1 0 0 1
+8 1
+2 1 1 0 0 1 0 0 1
-10 2
+10 1
-8 1
-2 1
+12 1
-4 1 0 1
+4 1
-2 1 1
+2 2 1 1
-6 1 0 2
+6 2
-5 1 0 1
+5 2
cfi=(46)
cfn=(138)
calls=1 258 
* 2859 798 490 96 36 26 82 31 26
+76 1
-18 2 1
+21 4 9

fn=(236) init_tls
734 1 0 6 1 0 0 1
+2 2 1 0 0 1
+4 1 1 0 0 1
-4 2 1 1
+4 1
fi=(24)
44 2 1
fe=(2)
751 1
fi=(24)
44 2
fe=(2)
746 1
fi=(24)
44 3 1
cfi=(25)
cfn=(54)
calls=1 +43 
* 42 16 12
* 1
fe=(2)
749 1 0 1
+10 1
-3 1 0 2
+3 1
cfi=(41)
cfn=(240)
calls=1 125 
* 87 21 7 2 6 1 2 2 1
+3 1 0 0 1 0 0 1
cfi=(41)
cfn=(242)
calls=1 363 
* 251 59 28 9 5 0 8 3
+7 1
cfi=(41)
cfn=(250)
calls=1 509 
* 532 51 350 5 2 22 3 2 22
+1 2
+6 1 1
fi=(71) ./elf/../sysdeps/generic/dl-call_tls_init_tp.h
31 2
fe=(2)
776 1 0 1
fi=(71)
31 1
cfi=(16)
cfn=(32)
calls=1 +9 
* 4 2 2
* 2
+2 1
cfi=(72)
cfn=(260)
calls=1 +10 
* 158 31 33 4 2 1 2 2 1
fe=(2)
780 2 1
+3 1
-3 2 0 1
+3 1 6

fn=(2)
0 10 3 0 1 1
fi=(1)
cfi=(96) ./elf/dl-init.c
cfn=(358) _dl_init
calls=1 81 
0 433 162 65 19 32 4 14 6 1
0 3 1
fi=(1)
cob=(5)
cfi=(103)
cfn=(386) 0x0000054d
calls=1 0 
0 26201 7035 4529 461 220 50 331 111 33
548 1 1 0 1 1 0 1 1
-3 1 1 0 0 1 0 0 1
+3 1
-29 1 0 9 0 0 2 0 0 2
+26 1
-26 1
fi=(3)
45 1 1 0 0 1 0 0 1
fe=(2)
519 1
fi=(7)
48 1 1
fe=(2)
519 1
+30 1 1 0 0 1 0 0 1
fi=(7)
48 1
fe=(2)
548 1 0 1 1 0 1 1 0 1
+1 1
-4 1 0 1
+4 1 0 1
fi=(3)
45 1
+23 1 1
-13 2
+4 2
+9 1
-14 1
-5 30
+5 12
+1 12
-1 6
+2 2
+1 2
-1 1
+3 3
+9 30 0 15 1 0 5 1 0 5
-23 45 15 0 0 2 0 0 2
fi=(4)
+34 3 2
fi=(3)
+31 1 1
-38 2
+12 2 1 0 1 0 0 1
+1 4 2
+1 7 3 1
+1 7 3 1
+1 4 2 0 1 0 0 1
+1 4 2
+1 7 3 1
+1 7 3 1 1 0 0 1
+15 8 3
+4 2
+17 6 3
+2 2 1 0 1 0 0 1
+4 5 2
+1 3 1
+5 5 2 0 1 0 0 1
+3 7 3 0 0 1 0 0 1
fe=(2)
565 6 0 0 2 0 0 2
cfi=(5)
cfn=(8)
calls=1 28 
* 40 0 8 2 0 0 2
* 4 1
fi=(4)
79 1 1
fe=(2)
565 1 1
fi=(4)
79 2
fe=(2)
565 8 1 0 1 0 0 1
fi=(6) ./elf/do-rel.h
53 4 0 1 1 0 1 1 0 1
fi=(182) ./elf/../sysdeps/arm/dl-irel.h
-20 1 1
fi=(6)
+20 1
fi=(7)
312 1 1
fi=(182)
33 2 0 1
fi=(7)
254 1 1
+58 4 0 1
-58 3 0 2
fi=(6)
53 1 1
fe=(2)
565 1 1
fi=(6)
49 1 1
+4 1 1
-3 1 1
-1 1
+4 1 0 1
-3 1
+3 1
* 1 1
fe=(2)
565 1 1
fi=(6)
49 1 1
+4 1 1
-3 1 1
-1 1
+4 1 0 1
-3 1
+3 1
+3 4 0 0 1 0 0 1
+1 18 18 0 0 3 0 0 3
-1 18
fi=(7)
451 54 18 18 0 3 0 0 3
fi=(6)
56 18
+5 10
+2 2 2 0 0 1 0 0 1
+2 2 2
-2 2
fi=(7)
297 2
+15 2 2
fi=(6)
65 2
fi=(7)
312 22 6 0 1 2 0 1 2
+4 6
-4 2 2
+4 2
-4 2
+4 8
+4 8 2 0 0 1
fi=(3)
62 5 0 0 1 0 0 1
+2 4 0 0 1 0 0 1
fi=(7)
344 8 2
+4 2 0 2
fi=(6)
61 7 2
fe=(2)
565 8 2 0 1 0 0 1
fi=(6)
51 2 1
fi=(4)
+28 1 1
fi=(6)
-28 3 1
fe=(2)
567 1 1 0 1 0 0 1
461 1 1
567 1
461 1
+17 1
+89 4 3 1
457 1 0 0 1 0 0 1
cfi=(8)
cfn=(14) __rtld_malloc_init_stubs
calls=1 43 
* 15 6 5 1 2 1 1 1 1
+4 1 1
+17 1
-17 2 0 1
+17 1
cfi=(9)
cfn=(16)
calls=1 25 
* 25 11 10 2 2 1 2 2 1
+12 1 1
+6 2 1
-6 1
-9 1 1
+15 1
-17 1 0 1
+2 1
-1 1 0 1
+10 1 0 1
-9 1 0 1
+15 1
cfi=(10)
cfn=(18)
calls=1 104 
* 113888 29708 14153 588 1351 192 493 906 165
+69 13 5 3 0 1 0 0 1
fi=(3)
106 3 0 1 1 0 0 1
fe=(2)

fn=(132)
852 2 0 9 1 0 0 1
+5 1 1
-5 2 0 1 0 0 1 0 0 1
+5 1
+3 2 1 0 0 1
183 2 1
853 2
+7 1
183 1
861 2
+9 1
+1 2 1
183 2 1
874 2 1
+1 4 1
cfn=(136)
calls=1 -88 
* 2886 811 501 97 37 26 83 32 26
-15 3 0 0 1 0 0 1
cfi=(45) ./string/strcspn.c
cfn=(134) strcspn
calls=1 32 
* 402 113 71 3 1 5 3 1 5
+1 2
-1 1
+7 3
-6 1
+2 4
cfi=(26)
cfn=(58)
calls=1 269 
* 38 13 13 1 0 0 1
+1 3 0 1
1837 3 1
+16 5 1
cfi=(61) ./io/../sysdeps/unix/sysv/linux/access.c
cfn=(190) access
calls=1 27 
* 99735 26632 12842 344 1209 122 276 784 95
-21 2

fn=(146)
fi=(46)
69 4 2
+1 4 2 1
243 4 1 3
-25 1
+34 2 2
fe=(2)
641 1 0 2 1
+3 1
-3 2
+3 1 0 1
-1 1 1
+1 6 2 1 1 0 0 1
cfi=(32)
cfn=(148) _dl_map_object
calls=1 1913 
* 2755 761 447 86 33 23 75 29 23

fn=(228)
676 2 1 0 1 1 0 1 1
-2 2 0 2
+2 4 2 0 1
cfi=(68) ./elf/dl-version.c
cfn=(230) _dl_check_all_versions
calls=1 399 
* 3596 1025 336 20 39 17 18 32 13
* 1
+4 1 2

fn=(42)
fi=(10)
143 1 1 0 1 1
+1 2 9 0 0 1
fe=(2)
1360 6 1 9 2 1 0 2 1
199 1
1360 1 0 1
197 1
1360 1 0 1
199 1
1360 1 0 1
300 1 0 2 0 0 1 0 0 1
199 1 0 1 0 0 1 0 0 1
+98 1 0 2
+2 1 0 2
+3 1 0 1
+1 1 0 1
197 1
1360 1 0 1
197 1 0 2
1372 1
cfi=(20)
cfn=(44) __tls_pre_init_tp
calls=1 54 
* 22 5 9 2 1 1 1 1 1
2740 3 2
2517 1 1 0 1 0 0 1
2740 1 0 1
2517 2 1
2740 2
2590 1 1
-2 2 0 1
+4 2
cfi=(21) ./elf/dl-environ.c
cfn=(46) _dl_next_ld_env_entry
calls=1 29 
* 37 13 1 1 0 0 1
* 4
cfi=(21)
cfn=(46)
calls=2 29 
* 127 48 1
* 9
+4 128 21
+3 4 0 0 1 0 0 1
-2 2
+8 14 2 0 0 1
2717 7 2 0 1 0 0 1
1382 1 1
+1 1 1
-1 1
+1 3 2
-1 1 1
+1 1
-1 3 1 2 1 0 0 1
+1 1
2677 5 1 0 1 1 0 1 1
cfi=(22)
cfn=(48)
calls=1 298 
* 97 33 9 3 1 0 3 1
* 2
-47 5 1 0 1 0 0 1
cfi=(22)
cfn=(48)
calls=1 298 
* 18 11 9 0 1 0 0 1
* 2
+10 5 1
cfi=(22)
cfn=(48)
calls=1 298 
* 62 23 9
* 2
+2 2 0 1
+1 1
1650 9 1 2 2 1 0 2 1
cfi=(23)
cfn=(50) _dl_new_object
calls=1 59 
* 322 47 54 16 7 7 16 4 7
+2 3
+2 1 1
+5 1
-5 1 0 1
+1 1 1
-2 1 0 1 0 0 1 0 0 1
+2 2 1 1
+4 1
cfi=(23)
cfn=(62)
calls=1 33 
* 41 14 10 2 3 0 1 2
+1 5 2
1098 1 1
1365 1
1099 1 1
+8 1 1
+19 2 0 0 1 0 0 1
-21 1
+2 2 0 1
+1 1 1
+18 1
-18 2 0 1
-3 2 0 2
+21 1
+34 1 1
-33 2
+19 1 1
+14 1
+43 1 1
-57 2 0 0 1 0 0 1
+57 2 0 1
-43 1 1
-33 2
-4 1 0 1
+37 5 0 2
-11 4 0 4
-22 72 17 0 1 5 0 1 4
+33 4 4
-1 2 2
+2 2 2
-1 2
-1 2
+2 2
+3 2 2
-2 4
+2 5
+1 8 2
+1 6
+3 5 2 0 0 1 0 0 1
+1 2 2
-1 2
+1 2
+5 2 2
-4 4
+4 10 2 2
-49 17 2 0 1 0 0 1
+88 3
-1 20
+1 30 10 0 1 0 0 1
+12 2 1
+3 2 1
+2 5 2 0 1 0 0 1
1685 1
cfi=(27)
cfn=(66)
calls=1 24 
* 105333 28204 13819 517 1285 166 429 851 139
1131 1 1 0 1 0 0 1
-5 2
+5 2 0 1
-5 1
+11 1 1
-11 1
+11 4 1
-1 1 1
+1 1 0 1
-11 1
+10 3 1 1
-10 1
+21 1 1 0 1 0 0 1
-21 1
+21 1 1
+4 1
-25 1
+21 1
-1 1 0 1 0 0 1 0 0 1
+3 2 1 1
-23 1
+1 12 2 0 1 0 0 1
+80 1 1
-81 1
+81 1 0 1 0 0 1 0 0 1
+1 1 1
-82 1
+82 1 0 1
-82 2
+77 1 1
-77 1
+77 1 1 0 0 1 0 0 1
-77 1
+77 1 0 1
-77 1
2680 1 1 0 1 1 0 1 1
-1 2 0 1
+1 2 0 1
+1 1

fl=(40)
fn=(186)
94 3 3 0 2 2 0 1
-18 3
+18 3
-18 3
+24 3
-23 6 3 0 3
+19 9 3 0 0 1

fn=(326)
46 2 0 2 2 0 0 2
+5 1
-5 1
+6 4 1 2 0 1
-1 1 0 1
+1 3 1 2
cfi=(75) ./elf/dl-lookup.c
cfn=(276) _dl_lookup_symbol_x
calls=1 769 
* 669 174 82 0 4 0 0 1
+2 4 2
+2 11 2
+1 1 1
-1 1
+1 3 0 0 1
+13 2 2

fn=(120)
120 4 1 4 1 1 0 1 1
-44 1
+46 4 2
+6 2 1
-1 2 0 1
+1 1 1
+26 1
-26 2 0 1
+26 1 0 1 1 0 1 1 0 1
+3 5 2
-37 2 1
+49 1 4
-10 2 1 0 1 1 0 1 1
+1 3 1 1 1
+2 5 2 0 0 1 0 0 1

fn=(126)
105 4 0 2 1 0 0 1
+2 8 2 0 0 2
+4 2
cfi=(43) ./elf/dl-debug_state.c
cfn=(128) _dl_debug_state
calls=2 -82 
* 2 0 0 1
-4 10 4 0 1 1

fl=(19)
fn=(40)
37 2 0 4 1 0 0 1
+3 3 2 0 0 1 0 0 1
+18 1 0 0 1 0 0 1
+4 2
+16 2 4

fl=(20)
fn=(44)
54 1 1 0 1 1 0 1 1
+8 1 1
+1 2 1
-1 2 1
+1 1
-9 1 0 1
+8 3 0 1
+1 1 0 1
-6 1
+1 1
+1 2 0 2 0 0 1 0 0 1
-2 1 0 1
+8 1 1
-8 1 0 1 1
+1 2 0 2
+7 1

fn=(64)
45 16 0 0 2

fl=(43)
fn=(128)
29 2 0 0 1

fl=(105) ./elf/dl-runtime.c
fn=(394) _dl_fixup
46 10 0 45 2 0 1
+8 5 5 0 0 2
fi=(4)
+25 5 5
fe=(105)
-33 5
+2 5 5
-2 5
+9 5 5 0 0 3
-7 20 5
+7 5 0 0 2 0 0 1
-6 5 5
+6 5
-7 5 5 0 0 1
+10 5 5 0 0 2
-2 5 5
-8 10
+1 5 5
+9 5
-2 5
+7 5
-14 5
+14 5
-7 10 0 5
+7 5
+4 15 5 0 0 2
+4 15 5 0 0 1
+4 12 8 0 2 3 0 1
+1 12 4
+1 4 4
-8 12
+16 25 5 0 0 1
-1 5
+11 60 10 20 1 1 0 1
cfi=(75)
cfn=(276)
calls=5 769 
* 3500 885 411 32 35 8 0 10 3
+4 5 5
-4 5
+4 10
+10 75 15
+15 5 5
-15 5 0 5
+15 15
+9 15 5 0 1 0 0 1
+29 5 5 0 1 0 0 1
-3 20 10 0 0 2 0 0 1
fi=(7)
+53 5 0 5
fe=(105)
-49 10 45
-94 2 0 0 1 0 0 1

fl=(47)
fn=(142)
28 9 6 0 1 1 0 1 1
+2 3
+8 3
+1 3
+1 3 0 3
+1 3
+1 3 0 3
+6 3 0 24 1
+9 9 6 0 0 1
+22 3 0 24 0 0 2 0 0 2
+4 3
+1 3
+14 3
cfi=(8)
cfn=(144) __sigjmp_save
calls=3 +14 
* 15 0 3 3 0 1 0 0 1

fl=(63) ./io/../sysdeps/unix/sysv/linux/stat64.c
fn=(200) __stat64_time64
28 1 0 0 1 0 0 1
+1 4
cfi=(53) ./io/../sysdeps/unix/sysv/linux/fstatat64.c
cfn=(164) __fstatat64_time64
calls=1 146 
* 154 43 71 0 3 2 0 3 2

fl=(75)
fn=(276)
769 624 104 1040 2 0 7 1 0 3
+6 104 104 0 2 8 0 1 1
-6 104 0 104
+6 208 0 104
fi=(76) ./elf/../sysdeps/generic/dl-new-hash.h
74 104 104 0 0 85 0 0 79
+3 312
-7 104
+31 104
-21 104 104 0 0 2 0 0 2
+1 208
-1 671 671 0 0 5 0 0 5
+1 1342
+21 2181
-28 727 727 0 0 14 0 0 12
+30 727
-27 1454
fe=(75)
775 104 104
-4 208 0 104
+4 312 104 104 2 0 0 1
+4 591 197
+9 93 93
-7 93
+7 186 93 0 0 1
-6 186
+6 290
-15 312 104 104
+15 208
-15 520 0 104 2 0 0 1
+15 14 7
+1 1664 624 1040 0 0 3 0 0 2
cfn=(280) do_lookup_x
calls=104 344 
* 51462 13050 5450 48 414 6 24 186 2
* 312 208
+28 104 104
-28 312 208 0 2 0 0 1
+28 104
-28 104 104
+5 208
-5 97 97
+29 649 92
+35 679 97
+14 291 97 0 2 3 0 1
+3 485 194 0 0 30
+19 97
-76 97 0 97
+76 194 873
fi=(76)
87 48 0 0 1 0 0 1
+2 48
+1 48
fe=(75)
788 33 22 0 1
-6 11
+6 11 0 0 2 0 0 1
-7 22
+15 42 7 0 1 0 0 1
+18 7 0 0 1 0 0 1
-1 7 0 7
+1 7
+75 21 63
-21 3 0 1 1

fn=(280)
344 728 312 1352 2 0 3 1 0 1
+1 104 104 0 2 1 0 1
+6 104 104
+46 104
fi=(77) ./elf/../sysdeps/generic/dl-protected.h
29 104 104
fe=(75)
397 104
-10 104 104 0 0 2 0 0 1
fi=(77)
29 104
fe=(75)
362 208 104
+25 104
fi=(77)
29 104
fe=(75)
362 104
+35 104 0 104
-35 208 0 104
+31 688 344 0 0 1
+4 344
+1 344 0 688
+3 344 344 0 0 2
+1 344 344
-1 344 344 0 0 127
fi=(4)
79 344 344
fe=(75)
402 344 344 0 2 0 0 1
-1 1376
+1 344
+3 344 344
-3 344 0 344
+4 688
+4 344 344
+2 344
-2 344
-2 344 344 0 0 71 0 0 52
+5 1032 344
+3 1720
+99 741
355 688 688 0 2 9 0 1
+3 688
+4 688 344
+21 1032 344 0 0 2
+4 1032 344 0 0 1
fi=(4)
139 194 97 0 1 0 0 1
+1 97
fe=(75)
473 194
fi=(77)
29 582 97
fe=(75)
480 756 97
+16 194 97 97
+1 97 0 97
+1 97
+21 194 873
-99 297 0 99 1 0 0 1
cfi=(1)
cfn=(244)
calls=99 0 
* 13612 297 297 14 0 3 8 0 1
-1 99 99
+2 99 99
-2 99 99 0 0 54 0 0 40
+2 198 0 0 2 0 0 1
+2 99 99
+6 594 0 297
-6 99
+6 594 0 198
+7 454
-10 864 216 0 0 70 0 0 62
+2 97 0 0 2 0 0 1
+1 194 194
-1 97
+1 970 388 679
cfn=(282) check_match
calls=97 70 
* 12276 3736 1094 15 74 0 3 31
+4 776 485
+51 25 10 0 2 0 0 2
+34 7 0 0 1 0 0 1
+1 14 63
-52 6 2 0 1 0 0 1
-17 10 10 0 1 0 0 1

fn=(282)
70 582 194 582 2 0 0 1
+3 679 388 0 0 25 0 0 12
+13 194
-13 388
+13 97
-13 97
+13 291 0 0 2 0 0 1
+3 369 70
cfi=(28)
cfn=(68)
calls=35 +69 
* 2725 493 140 8 23 0 0 14
* 35
+4 35 35 0 0 1
+1 35
+4 31
+4 31 31
+1 31 31
-1 31 31 0 0 9 0 0 2
+1 217 62 0 0 7
-10 62 62
+1 62
+4 62
+4 62 62
+1 62 62
-1 62 62
+1 434 124
+1 279 186 0 2 0 0 1
cfi=(28)
cfn=(68)
calls=93 +54 
* 4992 1253 372 1 7 0 0 1
* 93
+54 93
+1 93 558
-1 4
+1 4 24
-18 8
+2 4 4
+1 4
-1 4 4 0 0 2 0 0 2
+1 12
-1 12

fl=(8)
fn=(144)
112 3 0 0 3
+1 3
+2 3
-2 3 0 3 0 0 1 0 0 1
+2 3

fn=(318)
76 1 0 5 1 0 0 1
fi=(84) ./elf/../sysdeps/generic/dl-hash.h
-33 2
fe=(8)
+43 1 1 0 0 1 0 0 1
-10 1
fi=(84)
-31 1
fe=(8)
+31 1
+10 1
+1 1
fi=(84)
-43 1
fe=(8)
+43 1 0 1
-1 1 0 1
fi=(84)
-38 1
-3 1 1
+17 3 0 0 1 0 0 1
-17 2
+3 3
-3 3 3
+17 9
-17 6
fe=(8)
+44 1 0 1
+2 3 1
fi=(84)
-24 1
fe=(8)
+21 1 0 1
+3 2
cfn=(322) lookup_malloc_symbol
calls=1 -30 
* 700 184 93 3 6 1 3 1
+1 2 1
-1 1
+1 3
cfn=(322)
calls=1 -31 
* 678 179 93 0 6
+1 2 1
-1 1
+1 3
cfn=(322)
calls=1 -32 
* 709 186 93 0 3
+1 1 1
-1 1
+1 3 0 0 1
-1 1
+1 1
cfn=(322)
calls=1 -33 
* 685 182 93 0 4
+5 2 1
+1 1 0 2
+2 1 0 2
+1 2 5

fn=(322)
61 8 0 16 1 0 0 1
+2 4
-2 8
+3 16 0 4 1 0 0 1
-1 4 0 4
+1 16 4 12
cfi=(75)
cfn=(276)
calls=4 769 
* 2608 679 332 0 18 1 0 1
+4 20 8
+1 44 8
fi=(85) ./elf/./dl-sym-post.h
-28 8
fe=(8)
+28 4
+2 4 0 4 1 0 0 1
fi=(85)
-30 4
+12 16 8 0 0 1
fe=(8)
+19 12 20

fn=(102) strsep
239 2 0 4 1 0 0 1
+3 4 2 0 0 1 0 0 1
+2 4 2
+1 2
+4 3 1
-2 1
+4 28
+5 56 28
-2 84 28
+17 2 4
-22 42 14 0 1 0 0 1
+18 1 0 1
+3 1

fn=(14)
43 1 1 0 1 1 0 1
-1 1 0 1
+1 2 1
+1 1 1
+1 1 1 0 0 1 0 0 1
-2 1
+3 1 1
-2 1
+1 1
-1 1 0 2 0 0 1 0 0 1
+2 1
+1 1 1
-1 1 0 2
+1 1

fl=(82)
fn=(312)
30 1 0 3 1
+10 2
-10 1 0 0 1 0 0 1
+7 1 1 0 0 1 0 0 1
+3 3 1
-3 1
+3 3 1 1
-3 1 1
+3 3
cfi=(83)
cfn=(314)
calls=1 +34 
* 326 65 29 5 4 0 5 4
+4 2
+1 12 3 0 1 1 0 1 1
+2 2
-2 2 1
+2 1 0 1
-2 1
+2 3 2
-2 1 0 1
+2 5
cfi=(83)
cfn=(314)
calls=1 +27 
* 378 69 29 0 6 0 0 4
+4 1
+1 13 4 1 1
+1 2 3

fl=(86)
fn=(328)
29 1 0 0 1 0 0 1
-2 2 0 3
+6 1 1 0 0 1 0 0 1
-6 1
+6 10 1 1
cfi=(83)
cfn=(314)
calls=1 +41 
* 379 69 29 0 7 0 0 4
+4 1
+2 6 2
+1 1
-1 4 0 0 1
+2 2 3
-1 1
cob=(2)
cfi=(87)
cfn=(330)
calls=1 -6 
* 244 79 27 17 18 3 13 7 3

fl=(32)
fn=(152) open_verify.constprop.0
1520 9 0 24 2 0 1 1 0 1
+32 3 3 0 0 1 0 0 1
-32 6
+32 6
-32 3 3
+32 9 3
+19 9
cfi=(49)
cfn=(154)
calls=3 28 
* 80 13 19 2 1 0 2
* 3
+2 6
+8 2 2 0 2 0 0 1
+1 2
-1 6 0 2
+1 2 0 2
+5 8
cfi=(50) ./io/../sysdeps/unix/sysv/linux/read_nocancel.c
cfn=(156) __read_nocancel
calls=2 26 
* 278 93 26 6 3 0 6 3
1745 4 8
1557 2 0 0 1 0 0 1
2139 1
+3 2
+12 1 1
+46 1 1
-46 3
+46 4 1 1
-1 1 1 0 0 1 0 0 1
+1 1 0 1
-1 1
+1 6 2 4 1 0 0 1
cfn=(158) _dl_map_object_from_fd
calls=1 948 
* 1910 541 336 65 27 18 55 23 18
* 4 1 1
-1 1 1
+1 1 0 1
-1 1
+1 6 2 4
cfn=(158)
calls=1 948 
* 2238 533 568 21 24 26 4 20 26
-96 1
+4 2
+18 1 1
-17 2 0 1
+17 4 1
+28 5 1

fn=(196) cache_rpath
655 3 0 6 1 0 0 1
+1 9 3 0 1 0 0 1
+1 3
+16 3 6

fn=(106)
228 4 0 24 1 0 0 1
+3 8
cfi=(37) ./string/../sysdeps/arm/armv6/strchr.S
cfn=(108) index
calls=4 28 
* 543 75 8 3 1 1 3 1 1
+4 4
-1 4
+20 8 24

fn=(184)
908 4 0 12 1 0 0 1
+2 2
-2 4
+2 2
cfi=(40)
cfn=(186)
calls=2 94 
* 20 6 0 4 1 0 1
+1 4 2
+21 18 8 0 0 1
-4 4 0 0 2 0 0 1
+5 4
+2 2 12
-2 2
cfi=(44)
cfn=(188) _dl_audit_objopen
calls=2 77 
* 16 22 18 2 1 0 1 1

fn=(104) expand_dynamic_string_token
375 4 0 12 1 0 0 1
+10 2
-10 2
+10 2
cfn=(106)
calls=2 228 
* 336 57 16 4 0 1 4 0 1
+3 2
+1 2
+11 2 12
-11 2
cfi=(38)
cfn=(110)
calls=2 40 
* 246 74 46 2 1 1 1 0 1

fn=(158)
948 8 0 20 2 0 1 1 0 1
+15 2 2
-15 2 0 2 0 0 1 0 0 1
+15 2
-15 4 0 4
+15 4 0 2 1 0 0 1
+79 8 2 2
+10 10 4
+7 16 12 4 1 0 0 1
cfi=(23)
cfn=(50)
calls=2 59 
* 1009 271 155 9 5 12 3 4 12
+1 6
+13 4 4
-2 2 2
+5 4 4
-5 2 0 2 0 0 1 0 0 1
+1 6 2 2
+3 2
-2 2 0 2
+3 6 0 0 2 0 0 1
+1 6 0 2
+19 4 2
+10 2 2
-12 2 0 2
+12 2
-10 4
+10 2
-10 10
+10 2
+27 2 2
-33 2
+7 4 0 0 2 0 0 1
+26 2
-36 2
-5 2
+15 4
-8 2 0 2
+34 2 2
+36 6 0 2
-36 4 0 2
+9 4 0 2
-36 2 2
-8 2 0 2
-6 8 0 8
+15 130 32 0 1 4 0 1 3
1219 4 2 2
+1 4 2 2 0 1 0 0 1
1106 24
1224 14 4 0 1 0 0 1
+11 2 0 2
-1 6
+1 2 0 2
-1 6
+7 6 2
+10 12 4
+7 12 4
fi=(56) ./elf/./dl-map-segments.h
28 8 2 2 2 0 0 1
+78 2
-1 4 0 2
+3 2 2
-2 2 0 2
+2 2
+7 12 4 0 2 0 0 1
+3 8
cfi=(57) ./misc/../sysdeps/unix/syscall-template.S
cfn=(174) mprotect
calls=2 +2 
* 14 2 2
* 4
+7 2 2
-44 2
+44 4 0 2
fi=(58) ./elf/./dl-load.h
-34 12 4
fi=(56)
+58 12 8
+8 2 2 0 2 0 0 1
-2 2 2
+2 2
-2 2
+1 4 0 2
+1 4 2
+1 2
-1 4
+3 10 2 2
+5 4
+3 10 2 4
+8 10 2
cfi=(5)
cfn=(8)
calls=2 28 
* 314 0 236 0 0 16 0 0 16
+6 6 2
+12 4 0 0 1 0 0 1
-59 16
+2 6 4
+2 20 8 4
cfi=(54)
cfn=(166)
calls=2 35 
* 32 14 10
* 4
fe=(32)
1182 3 1 0 1 1 0 1 1
+4 1 0 1 0 0 1 0 0 1
+1 2 1 1
-67 1 1
+68 1
+3 3 0 1
+9 1 1
-8 1 1
+8 1
-5 1 0 2
+5 2
-87 6 2 0 2 0 0 1
+9 2 2 0 0 1 0 0 1
-16 2
+16 2 2
-1 2 2
+1 4
-1 2
+1 2
-2 4 2 2
-14 2
+15 2 0 2
+1 2 0 2
-16 2
+27 24 12 4 1 0 0 1
+8 4
+1 4 4
+3 4 4 0 0 2 0 0 2
+2 8 4 0 1 0 0 1
-4 4 4
+2 8
-2 4
-1 8 0 4
+2 4 0 8
-1 8 4
+4 4
-4 4
+4 4
-4 4 0 4
-2 4
+6 24 4 4
+2 4 4
+13 4
-13 24 4 4 1 0 0 1
+13 18 2 2
+6 2
-62 2
+62 2
+1 2 2
-28 2
+28 4 2
-63 2
+63 6
-1 2 0 2
-62 2
+62 2
-62 2
+62 2
+1 2 2
-28 2
+28 4 2
-63 2
+63 6
-1 2 0 2
-62 2
+21 1 1
-21 2
+21 1 0 1
-21 1
1215 2 2 0 0 1 0 0 1
1106 4
1215 2 0 2
1106 2
fi=(51) ./elf/../sysdeps/posix/dl-fileid.h
37 6 2 0 2 0 0 2
cfi=(52)
cfn=(162)
calls=2 -7 
* 322 88 142 7 3 4 7 2 4
* 4
fe=(32)
993 12 6 0 0 1 0 0 1
fi=(51)
40 8 4 4
+1 8 4 4
fe=(32)
993 21 13
+1 15 5 0 1 0 0 1
fi=(51)
49 30 12 0 0 1 0 0 1
fi=(58)
+43 5 3 0 1 0 0 1
+2 1 1
-1 3 2
+1 1
-1 2
+3 2
+1 1
-1 3
fe=(32)
1012 8 0 0 1 0 0 1
1274 8 4 0 1 0 0 1
+1 6 2 2 1 0 0 1
fi=(59) ./elf/get-dynamic-info.h
39 4
+6 2 2 0 0 2 0 0 2
-2 2
+2 2
+10 4
+4 4
-5 2
-5 88
+5 22
+1 22
-1 11
+2 4
+1 4
-1 2
+3 6
+3 10
+2 6
+4 2 0 2
-23 6 2
+23 42 0 42 1 0 7 1 0 7
-23 126 42 0 0 6 0 0 6
+27 4 0 0 1 0 0 1
fi=(4)
+7 2 2
fi=(59)
-7 4
+12 4 2
+1 10 4 2
+1 10 4 2
+1 10 4 2
+1 4 2
+1 10 4 2 1 0 0 1
+1 7 3 1
+1 5 2 1
+15 1 1
+4 1 1
-4 2
-15 5 2 1
+15 1 1
+4 1 1
-4 10 2 2
+4 2
+3 6 2
+13 4 2 0 1 0 0 1
+1 8 4
+2 4 2
+18 4 2
+5 2 1 1
+2 1
+1 2
+1 1
+1 2
+1 1
+1 2
+3 7 2 0 1 0 0 1
+2 4 2 2
+1 2
+1 6
+8 10 4 0 0 1 0 0 1
+6 2
+1 7
+3 5 2
fe=(32)
1282 2 2 0 1 0 0 1
-1 4
+1 4
+2 10 2
+10 6 2
+19 6 2 2
+2 14 6 0 1 1 0 1
+20 4 2
+1 3 1 1
+6 10 4
+1 6
-1 34
+1 51 17 0 0 10 0 0 10
fi=(56)
186 10 2 2 2 0 0 2
cfi=(54)
cfn=(166)
calls=1 35 
* 16 7 5
+3 2
fe=(32)
1354 4 2 0 1 0 0 1
cfi=(60)
cfn=(182)
calls=2 26 
* 505 203 100 23 10 0 10 6
fi=(56)
36 2 2 0 1 0 0 1
+1 4
-1 10 0 0 1 0 0 1
+1 10 0 4 0 0 1 0 0 1
cfi=(54)
cfn=(166)
calls=2 -2 
* 32 14 10
* 2
+4 4
+3 2 2
+1 2 2
-1 6
+1 16 4 4 1 0 0 1
cfi=(54)
cfn=(166)
calls=2 -10 
* 32 14 10
* 2
+4 4
+6 4
+3 2 2 0 0 1 0 0 1
+1 2
-1 14 2
+2 4
+41 4 0 2
+16 2 0 2 2 0 0 1
-56 2
cfi=(57)
cfn=(172) munmap
calls=2 +59 
* 14 2 2
* 2 2
+41 4 0 2 1 0 0 1
-46 4
cfi=(57)
cfn=(172)
calls=2 +64 
* 14 2 2 1 0 0 1
* 4 2
fe=(32)
2200 2
+2 6 18

fn=(100) fillin_rpath.isra.0
442 2 0 9 1 0 0 1
fi=(24)
50 1 1 0 0 1 0 0 1
fe=(32)
442 1
+4 1
fi=(24)
50 2
fe=(32)
442 1 0 2
+41 1 1
-41 1 0 1
+41 2 0 1
+23 3 1 1
-58 3 1
cfi=(8)
cfn=(102)
calls=1 239 
* 223 75 3 2 1 0 2 1
* 3 1
cfi=(8)
cfn=(102)
calls=1 239 
* 7 4 2
* 4
+7 2 1
+2 3 1 0 1 0 0 1
cfn=(104)
calls=1 -82 
* 225 55 31 6 1 0 5
+4 3
+5 1
cfi=(18)
cfn=(38)
calls=1 54 
* 33 6 2
+1 3
+78 1 0 1
+3 2 9
-65 11 6
+1 12 4 0 1 0 0 1
fi=(24)
50 3 1
cfi=(25)
cfn=(118)
calls=1 +47 
* 7 6 4 1 1 0 0 1
+1 1
fe=(32)
502 3 1 0 1 0 0 1
+4 4 2
fi=(24)
56 6 3
cfi=(25)
cfn=(56)
calls=1 -19 
* 25 10 8
fe=(32)
508 3
+5 1 1
+1 2
-1 3 1
-1 1 0 1 0 0 1 0 0 1
+2 1
cfi=(26)
cfn=(58)
calls=1 269 
* 20 5 5
+3 1 1 0 1 1 0 1 1
-3 2 0 1
+3 1
-2 1 0 1
+8 1 1
-6 2 1
+7 1 1
-6 2
+5 1
+1 1
-1 4
+1 4 1
+1 1 0 1
-1 2
+3 2 1 1
+1 3 1
+7 1 1
-6 1 0 1
+6 3 1 1
+1 1 0 1
+3 5 0 1 1 0 0 1
-65 6 1
+5 1 0 0 1
-22 1
+22 3 0 1
+23 3 1 1

fn=(198) open_path
1758 3 0 9 1 0 0 1
+1 1 1
-1 3 0 3 0 0 1 0 0 1
+1 1 0 1
+6 2
+5 1 1 0 0 1 0 0 1
-7 1
+7 10 3 0 1 0 0 1
+11 1 1
-11 1
-8 1 0 1
+19 2 0 1 0 0 1 0 0 1
+25 1 1
-36 1 0 1
+36 1
-44 3 0 2
+19 1 1
-8 1 1
+8 1 1
-8 1 1
+8 2
+7 4 3
cfi=(26)
cfn=(58)
calls=1 269 
* 20 5 5 1 0 1 0 0 1
+1 1 1
-12 1
+11 1 1 0 1 0 0 1
+1 2
-1 1
+1 6 2
+3 3 1
+5 6 3
cfi=(26)
cfn=(58)
calls=1 269 
* 14
* 6 3
cfi=(26)
cfn=(58)
calls=1 269 
* 18 3 3
+3 1 1
-3 1 0 0 1 0 0 1
+3 1
+6 3 1
+3 8 5 2
cfn=(152)
calls=1 1520 
* 54 16 15 2 1 1 1 0 1
+2 1 1
-2 1
+2 2
+2 2
+70 12 2 0 2 0 0 2
+6 1 1
-2 3 1 1
+2 4 1 1
+3 4 2
1768 1 0 0 1 0 0 1
1906 4 9
-88 2 1 0 1 0 0 1
+1 8 4 0 1 1 0 1 1
-30 2
+48 1
-18 1
+6 1 1
+2 1
-2 3 1
+2 1
-2 1 0 1
+2 1
cfi=(63)
cfn=(200)
calls=1 28 
* 159 43 71 1 3 2 1 3 2
+3 1
-3 1
+1 1 1
-39 1 0 0 1 0 0 1
+39 7 0 1
-39 1

fn=(82)
680 5 0 9 1 0 0 1
+14 1 1 0 0 1 0 0 1
-14 1
+14 3
-14 1 0 2
+14 1
fi=(24)
56 1 1
fe=(32)
694 2
cfi=(33) ./elf/dl-hwcaps.c
cfn=(84) _dl_important_hwcaps
calls=1 172 
* 295 116 112 12 2 3 12 1 3
* 1 0 1
fi=(24)
56 4 1
cfi=(25)
cfn=(56)
calls=1 -19 
* 25 10 8
fe=(32)
699 1 0 1
+2 2 0 0 1 0 0 1
+8 2 1
+4 1
fi=(24)
56 1 1
fe=(32)
709 1
-1 2
+1 1
-1 2
fi=(24)
56 2
cfi=(25)
cfn=(56)
calls=1 -19 
* 25 10 8
fe=(32)
715 1 1
-2 1 0 1
+2 3 1
+7 1 1
-1 1
+20 1 1 0 1 0 0 1
-19 1
-1 1 0 1
+14 1 1
-13 1 0 1
+22 1
-14 1 0 1
+5 3 0 1 0 0 1 0 0 1
+9 3 0 1
-7 1
-5 2 1
+1 1 0 2
+3 2 0 1
-4 3 1 1
+10 5 0 1 1 0 0 1
-1 1
+1 4 1
cfi=(5)
cfn=(8)
calls=1 28 
* 22 0 4
-1 3
+1 12 3
cfi=(5)
cfn=(8)
calls=3 28 
* 66 0 12
+2 11 3
-8 3 3 0 0 1 0 0 1
+8 3
-12 3 3
+12 3 0 3
-14 3 0 3
+6 3 0 3 0 0 2 0 0 2
+1 3
-4 3 0 6
+4 3
-2 3 0 3
+5 18 3 0 1 1 0 1 1
+16 1 1
-12 1
+6 2 1
+6 1
-12 1 0 1
+6 1
+1 1 0 1
+5 1 1
-6 1 0 1
+8 2
+3 4 1
+2 3 1
+36 4 2 0 1 0 0 1
+2 3 1 0 1 0 0 1
cfi=(18)
cfn=(38)
calls=1 54 
* 48 8 2
* 7
cfi=(26)
cfn=(58)
calls=1 269 
* 20 5 5
+5 1 1
-5 1
+5 3
-1 1
+2 2
-1 1 1
+2 2
-2 2
+1 26
-1 13 13
+2 26
-2 26
+5 2
fi=(24)
56 1 1
fe=(32)
810 1 1
fi=(24)
56 1
fe=(32)
810 1
fi=(24)
56 2 1
cfi=(25)
cfn=(56)
calls=1 -19 
* 25 10 8
* 1
fe=(32)
810 1 0 1
+2 2
+6 7 2 2
cfn=(100)
calls=1 442 
* 685 207 81 16 5 1 13 4 1
+3 3 2
+6 2 1 0 0 1 0 0 1
+4 1
-4 2 0 1
+4 2 9
-49 1 1 0 1 0 0 1
-2 2 0 1
+2 1
+14 2 0 1 1 0 0 1

fn=(148)
fi=(62)
64 1 0 1
+5 2 2
fe=(32)
1913 12 3 30 3 0 4 1 0 4
+8 9
+1 15 6 0 3 2 0 1 2
+3 36 9
+5 42 14
+2 21
cfi=(48)
cfn=(150)
calls=7 68 
* 458 131 44 10 2 2 10 1 2
* 7
+4 18 6 0 3 0 0 1
+1 18 6
+4 2 2
+1 2
-2 4 4
fi=(4)
79 2 2
fe=(32)
1941 2
-1 6
+1 2
+1 4
cfi=(28)
cfn=(68)
calls=2 158 
* 59 9 4
* 4
2202 3 9
1955 2 2 0 1 0 0 1
+2 2 2
-2 2
+2 4 0 2
-2 4 2
+1 12
+12 2 2
-5 4
+5 2
-5 2 0 2 1 0 0 1
+5 6 2
-53 2 0 2
+67 6
cfi=(37)
cfn=(108)
calls=2 28 
* 91 11
* 4
2134 2
-2 1
+1 3
cfn=(104)
calls=1 375 
* 375 88 43 1 0 2 1 0 2
+6 1
-6 1
-1 1 0 1
+3 2
+4 8 0 2 1 0 0 1
cfn=(152)
calls=1 1520 
* 2118 601 371 74 31 18 64 27 18
1986 2
cfi=(18)
cfn=(38)
calls=1 54 
* 41 6 2
* 2 0 1
+2 5 2 0 1 0 0 1
+7 5 1
+51 15 3 5 1 0 0 1
cfn=(198)
calls=1 1758 
* 418 124 118 14 6 6 12 5 6
* 1
+6 2
+1 7 1 0 1 0 0 1
cfn=(196)
calls=1 655 
* 6 3 2
* 2
+8 3 1 0 1 0 0 1
+2 5 2
+4 2
cfi=(64)
cfn=(202) _dl_load_cache_lookup
calls=1 389 
* 4028 932 806 49 46 27 28 41 27
-67 1 0 0 1 0 0 1
-1 1 1 0 0 1 0 0 1
+8 1 0 1
-3 1
-5 1
+8 4 0 1
-8 2 1 1 1 0 0 1
+6 2 1
+2 2
-3 2 1
+1 6
cfn=(196)
calls=1 655 
* 6 3 2 2 0 0 2
* 2
+14 7 2 0 1 0 0 1
+2 3 2 0 1 1 0 1 1
+9 1 1
-9 3
+9 1
-9 1
cfn=(196)
calls=1 655 
* 6 3 2
* 1
+9 2
+15 5 2
+1 2
-26 6 2 0 2 0 0 2
fi=(2)
644 1 0 1 1
+2 2 2
fe=(32)

fl=(49)
fn=(154)
28 20 4 16 1 0 0 1
+3 24
+8 16
cfi=(16)
cfn=(32)
calls=4 +1 
* 16 8 8
* 8 0 0 1 0 0 1
+2 12 3
-2 5 1 1 0 1
+2 4 1

fl=(14)
fn=(224) dfs_traversal.part.0
135 16 0 48 2 0 1 1 0 1
+10 8 8 0 0 1
-2 8 8
-8 16
+8 16 0 8
+2 8
+2 15 5 0 0 1
-7 30 10
+7 40 10
+9 8 0 0 2 0 0 1
+15 12 4 4
+1 4 0 4
+1 4 24
-2 12 4 4
+1 4 0 4
+1 4 24
-17 12 4

fn=(26)
289 1 0 1 1 0 0 1
+1 2
-1 1
+1 2
cfi=(12)
cfn=(28)
calls=1 441 
* 27 7 1 3 4 0 2 3
+1 1 1 0 0 1 0 0 1
-1 1 1
+1 1
+1 3
-1 1 0 1 1
+2 2 1
fi=(10)
116 2
cfi=(15)
cfn=(30)
calls=1 -92 
* 106723 28553 13994 571 1315 180 479 873 153
fe=(14)

fn=(222)
298 4 0 18 2
+8 2 2 0 0 2 0 0 1
-8 2
+8 2
-8 6
+8 2 2 0 0 1
-8 2 0 2
+8 4
182 2 2 0 2 0 0 1
+29 2
-28 2
-1 2 0 2
-1 2 0 2
+2 12
+1 2 2
-1 2
+1 6 2 2 2 0 0 1
-1 4
+1 6 6
-1 6
+1 18 6 6
-1 12
+28 8
+7 4 0 2
-2 2
+3 2 2
-8 2
+5 2 0 2
+3 5 1
+2 32 0 10
+2 8 8 0 2 0 0 1
-83 48 16
cfn=(224)
calls=8 -5 
* 217 101 72 4 2 1 2 0 1
+86 24 8
+18 12 10
+32 12 4 0 3 0 0 2
+7 2
+27 6 18
-91 2 0 0 1
+44 4 0 0 2 0 0 1
cfi=(26)
cfn=(58)
calls=2 +6 
* 44 8 8 3
* 2

fl=(37)
fn=(108)
28 6 6 0 1 1 0 1 1
+1 6
+8 6
+1 6
+1 6
+1 6
+1 6
+1 6
+3 60 60
+1 60
+1 60
+1 60
+1 60
+1 60
+1 60
+3 5
+1 5
+1 5
+1 5
+1 2
+3 2 0 8 0 0 1 0 0 1
+7 2 4
+1 2
+2 2
+1 2 0 0 1 0 0 1
+1 2
+5 2
+7 2
+1 2
+1 2
+1 2
+1 2
+1 2
+1 2
+1 2
+1 2
+1 2
+1 2
+1 2
+1 4
-12 4
+1 4
+1 4
+1 4
+1 4
+1 4
+1 4
+1 4
+1 4
+1 4
+1 4
+1 4
+1 10
+6 2
+1 2
+1 2
+1 2
+1 2
+1 2
+5 2
+6 2
+1 2
+1 2
+1 2
+1 2
+1 2
+2 2 8
+9 2
+1 2
+1 2
+1 2
-3 4 0 0 1 0 0 1
+1 4
+1 4
+1 4

fl=(28)
fn=(68)
152 27
+1 27
+5 175 175 0 2 29 0 1 18
+1 175 175 0 0 9 0 0 7
+1 175
+1 175
+1 175
+1 175
+2 148 0 296
+4 148
+1 148 0 296
+3 148
+1 148
+1 148
+3 91
+1 91
+1 91
+4 15 0 0 2 0 0 1
+1 15
+1 15
+1 15
+1 15
+1 15 30
+1 15
+1 15 30
+1 15
+1 15
+1 15
+1 15
+1 6
+1 6
+1 6
+1 6
+1 6
+7 63 126 0 1 0 0 1
+1 63 126
+2 63
+1 63
+1 63
+1 63
+1 56
+1 56
+1 56
+1 56
+2 55 110
+1 55 110
+1 55
+1 55
+1 55
+1 55
+1 55
+1 55
+2 55
+1 55
-19 15 0 0 2
+1 15
+1 15
+1 15
+1 15
+1 15
+1 15
+1 15
+2 15 30
+1 15 30
+1 15
+1 15
+1 15
+1 15
+1 15 0 0 1
+1 15
+2 15
+1 15
+3 64
+3 99 36
+4 693 252 0 2 0 0 2
+4 76 0 0 1
+1 76
+1 16
+1 16
+5 33 33
+1 33 33
+2 33
+1 33
+1 33
+1 33
+1 21 21 0 0 1
+1 21 21
+1 21
+1 21
+1 21
+1 21
+1 21
-10 6
+1 6
+1 6
+1 6
+1 6 6
+1 6 6
+1 6
+1 6
+1 6
+1 6
+1 6
+3 160 32
+6 6 0 0 1 0 0 1
+1 6
+1 6 6
+1 6
+1 6 6
+2 6
+1 6
+1 6
+1 6
+3 60 0 0 2 0 0 1
+1 60
+1 53
+1 53
+1 53
+1 53 53
+1 53
+1 37
+26 28 28
+1 28
+1 28
+1 28
+1 28
+3 28 28
+1 28
+1 28
+1 28
-3 16 16
+1 16
+1 16
+1 16
+1 43
+4 1
+1 1 1
+7 1
+4 52 0 0 1 0 0 1
+6 52 52 0 0 1 0 0 1
+1 52
+2 52
+1 52 52
+1 52
-5 7 7
+1 7
+2 7
+1 7 7
+1 7
+1 43
+4 109
+1 109
+1 109
+1 109
+1 109
+1 104
+1 76 76 0 1 1
+1 76
+1 76
+1 76
+1 76 76
+1 76
+2 5
+1 5
+3 28 0 0 1
+1 28
+4 1 1
+1 1 2
+8 1
+1 1
+10 29 0 0 1 0 0 1
+1 29
+1 29
+1 29 0 0 1 0 0 1
+1 29
+1 25
+1 19 19
+1 19
+1 19
+1 19
+1 19 19 0 0 2 0 0 2
+1 19
+2 4
+1 4
+2 6
+1 6
+2 4 4
+1 4
+4 4
+9 53 0 0 2 0 0 1
+1 53
+1 53
+1 53
+1 53
+1 53
+1 37 37 0 0 1 0 0 1
+1 37
+1 37
+1 37
+1 37 37 0 0 1 0 0 1
+1 37
+5 16
+1 16
+1 15 15
+2 15
+1 15
+1 15
+3 30
+1 30 60
+8 30
+5 28 0 0 1 0 0 1
+1 28
+3 28
+1 28
+1 28
+1 28
+1 28
+1 28
+1 28
+1 28 56
+7 28
+1 28

fl=(163)
fn=(596)
28 4 4 0 1 1 0 0 1
-4 8 0 16
+4 16 4
+6 4 4 0 1 2 0 1
-2 12 4 4
+3 4
+4 2 2
-1 4 4 0 0 1
+1 2 2
-1 2
+1 2
+3 6
+1 4 2 0 0 1
cob=(4)
cfi=(97)
cfn=(620)
calls=1 -43 
* 886 272 126 10 13 0 2
cob=(5)
cfi=(103)
cfn=(598) 0x00000605
calls=1 -43 
* 1015 292 134 10 16 0 6 6
+4 2 2 0 0 1
+1 2
+2 2 8
-50 4 4 4 2 0 0 1

fl=(5)
fn=(8)
28 24 0 0 1 0 0 1
+1 24
+1 24
+3 19
+1 19
+1 19
+1 19
+2 19
+1 19
+1 19
+1 19
+3 19
+1 19 0 38 0 0 5 0 0 5
+1 19
+1 19 0 38
+1 19
+1 19 0 38 1 0 5 1 0 5
+1 19
+1 19 0 38
+1 19
-8 104
+1 104 0 184 0 0 35 0 0 34
+1 92
+1 92 0 180 0 0 1 0 0 1
+1 90
+1 90 0 172 0 0 3 0 0 3
+1 86
+1 86 0 170
+1 85
-6 12
+1 12
+1 14
+1 14
+1 18
+1 18
+1 19
+2 19
+2 19
+1 19
+1 21
+1 19
+1 21
+1 19
+1 21
+1 19
+1 21
-8 12
+1 12
+1 17 0 0 1 0 0 1
+1 12
+1 17
+1 12
+1 17
+1 12
+1 17
+2 24

fl=(74)
fn=(266) _dl_relocate_object
344 17 5 0 1 0 0 1
-1 6 0 6
+3 3
cfn=(268)
calls=3 207 
* 79013 21284 9578 77 932 23 75 655 5
+1 3
+1 3 6
-1 3
cfn=(292)
calls=3 +6 
* 87 24 9 2 1 0 1 1

fn=(268)
207 20 4 36 1 2 0 1 1
+11 4
-1 4
+6 4
-16 8
+11 4 0 4 1 0 0 1
+2 8
-13 4 0 4
+13 8
+3 4
+2 12 12
+1 8
+20 4 0 0 1 0 0 1
+1 20 4 0 0 3
+3 20 8
+7 16 4 4 0 1
fi=(7)
69 28 4 0 1 0 0 1
fi=(4)
+10 4 4
fe=(74)
296 4 4
fi=(4)
79 4
fe=(74)
296 8 4
fi=(4)
79 4
fe=(74)
296 34 3 0 1 1 0 1
cfi=(5)
cfn=(8)
calls=4 28 
* 160 0 32
* 100 24 9 1 1 0 1
190 6 0 4
fi=(6)
53 2 2
fe=(74)
296 2 2
fi=(6)
49 2 2
+4 2 2
-5 2
+2 2 2
-1 2
+1 2
fe=(74)
296 2 2
fi=(6)
53 2
fe=(74)
296 6
190 6 0 4
fi=(6)
53 2 2
fe=(74)
296 2 2
fi=(6)
49 2 2
+4 2 2 0 1 0 0 1
-5 2
+2 2 2
-1 2
+1 2
fe=(74)
296 2 2
fi=(6)
53 2
* 4 4
fe=(74)
296 4 4
fi=(6)
49 4 4
+4 4 4
-5 4
+2 4 4
-1 4
+1 4
fe=(74)
296 4 4
fi=(6)
53 4
+27 16
+3 8
fi=(7)
466 30 10
+1 30 10 10
fi=(6)
83 30
fi=(7)
461 20 20 0 1 1 0 1 1
+1 10
+2 20
fi=(6)
83 2
fe=(74)
296 20 5 0 1 0 0 1
+2 20 4
+23 12 4 4
+3 12 4
+14 12 36 0 0 1
fi=(6)
105 12 6 0 1 1 0 1 1
+7 24 0 0 1 0 0 1
+5 18 6 0 0 4
+3 5 5 0 0 1
fi=(4)
-41 5 5
fi=(6)
+41 30 0 5
+2 10
+20 3 3
fi=(7)
354 3 0 6
fi=(6)
142 6 0 3
fi=(7)
433 3 3
-79 3 0 6
+79 6 0 3 1 0 0 1
-79 9 3 3
fi=(6)
124 3 3 0 0 3 0 0 2
+1 3 3
+2 3 3
-3 3
+2 3 3 0 0 1
fi=(7)
297 3
fi=(6)
125 3
-1 3 3
+2 3
fi=(7)
300 3
fi=(6)
124 9 3 6 0 2 0 0 1
+3 3
fi=(7)
300 3
fi=(6)
124 107 107 0 0 12 0 0 12
+1 107 107
+2 107 107
-3 107
+2 107 107
fi=(7)
297 107
fi=(6)
125 107
-1 107 107
+2 107
fi=(7)
300 107
fi=(6)
124 321 107 214 0 51 0 0 42
+3 107
fi=(7)
300 107
+3 220
fe=(74)
170 330 110 0 1 71 0 1 67
fi=(4)
-30 285 95
fe=(74)
+31 190
+3 380 95 0 0 2
+8 263 87 0 0 1
-7 20
+11 40 40
-2 20 0 40
+2 20 20
fi=(4)
79 20 20
fe=(74)
186 100
+1 20
+1 40
-2 136 136 0 0 1
-2 68 0 136
+2 68 68 0 1 0 0 1
fi=(4)
79 68 68
fe=(74)
186 340
+1 68
+1 224 88 0 0 5
-1 352
+3 704 88 352 1 0 0 1
cfi=(75)
cfn=(276)
calls=88 769 
* 59655 15754 7060 31 478 7 30 258 4
+3 88 88
-3 88
+4 88 0 88
-1 88 0 88
fi=(7)
312 190
+3 184 92
-3 460 184
+3 15
-3 75 30
+4 428
-4 107 107
+4 214
-4 107
+4 214
+4 634 105 0 1 1 0 1
fe=(74)
175 136 0 0 1 0 0 1
fi=(7)
320 4
431 6 4 0 0 1
+1 4 2
+1 6 4 0 0 1
cob=(2)
cfi=(79)
cfn=(290)
calls=1 28 
* 5 1 0 1 1 0 1
cob=(2)
cfi=(78)
cfn=(288)
calls=1 25 
* 5 1 0 2 1 0 1 1
* 2
-6 2 0 2
fi=(6)
141 6 2
fi=(7)
427 100 0 100 0 0 17 0 0 1
fi=(6)
141 316 100
-19 443 116
fe=(74)
296 12 3
fi=(4)
79 4 4
fi=(6)
-28 12 4
+91 72 36 0 1 1 0 1
fi=(7)
354 24 8 0 1 0 0 1
+9 8 8 0 0 2
+1 8
+1 8 0 8
fi=(6)
141 16 8
fi=(7)
424 45 15 0 1 0 0 1
+2 60 15
+1 90 45 0 0 2 0 0 1
-29 15 0 0 1 0 0 1
-86 30
+8 27 3 0 0 1 0 0 1
fe=(74)
-24 55 16 12 2 5 0 2
fi=(7)
+24 6
fe=(74)
175 35 7 0 2 0 0 2
+2 7 7
+1 7 7
-1 7
+19 7 7 0 1 0 0 1
-18 7 0 7
-1 21 7 7
+1 7
fi=(4)
-99 2 2
fi=(7)
-3 12 4 0 0 1
+4 4 2 0 0 2 0 0 1
+2 2 0 2
+10 4
fi=(6)
+79 2 0 0 1 0 0 1
+17 5 1 3 0 1 0 0 1
fi=(7)
433 4 1 2 1 0 0 1
-79 3 1 1
fi=(6)
174 2 2
-1 1
fi=(7)
297 1
+3 1
fi=(6)
173 2 0 2
fi=(7)
300 1
fi=(6)
174 10 10 0 0 1 0 0 1
-1 5
fi=(7)
297 5
+3 5
fi=(6)
173 10 0 10
fi=(7)
300 5
+3 12
fe=(74)
170 18 6 0 0 2 0 0 2
fi=(4)
-30 18 6
fe=(74)
+31 12 0 0 1 0 0 1
+3 24 6 0 0 1
+8 18 6 0 0 1
+4 12 12
-2 6 0 12
+2 6 6
fi=(4)
79 6 6
fe=(74)
186 6
+4 6
-4 18 0 0 1 0 0 1
+4 60 6 24
cfi=(75)
cfn=(276)
calls=6 769 
* 2930 864 374 4 27 0 4 15
* 6
+4 6 0 6
-1 12 6 6
fi=(7)
312 12
+3 2 2
-3 12 4 0 1 0 0 1
+4 2
-4 2 2
+4 4
-4 2
+4 10
+4 12 2 0 0 1
fe=(74)
175 12 0 0 1 0 0 1
fi=(7)
420 6 0 6 1 0 0 1
fi=(6)
187 18 6
-16 26 8
fi=(7)
320 36 4 0 2 1 0 2 1
fi=(6)
114 8 0 0 1 0 0 1
+1 1088 1088 0 0 137 0 0 136
-1 1088
fi=(7)
451 3264 1088 1088 0 113 0 0 109
fi=(6)
114 1091
fi=(7)
-8 8 4 2 1 2 0 1 1
fe=(74)
+69 14 0 0 1 0 0 1
fi=(7)
320 8
fe=(74)
220 8 0 4 1 0 0 1

fn=(292)
353 8 4 0 1 0 0 1
+3 4 4 0 0 1 0 0 1
-4 8 0 8
+4 20 12
+3 4
-3 8
+3 4
+4 8
+7 4 8
-6 12
cfi=(57)
cfn=(174)
calls=4 120 
* 28 4 4 1
* 8

fl=(62)
fn=(194)
fi=(46)
69 4 2
+1 4 2 1
243 4 1 3
-25 1
+34 2 2
fe=(62)
61 4 0 4 1
+3 2 2
-3 2
+3 2 2
+1 2 2
-1 20 6 4
cfi=(32)
cfn=(148)
calls=2 1913 
* 5247 1248 997 87 56 36 58 49 36
* 1 0 1
+5 2 2

fn=(192) _dl_map_object_deps
143 1 0 9 1 0 0 1
+1 1
-1 3
+1 1
-8 2 1
-8 1
+15 1 0 1 0 0 1 0 0 1
+1 2
-8 1
+8 1
-8 1 0 1
-6 1 0 0 1 0 0 1
+14 1
-15 1 0 1 0 0 1 0 0 1
-1 1 0 1
+2 1 0 1
+30 4
+1 1 1
-32 1 0 2
+1 1 0 1
+30 2
-24 3 1 1
+24 1
+28 5 1 2 1 0 1 1 0 1
+40 1 1 0 0 1 0 0 1
fi=(66)
78 1
fe=(62)
182 1 1
fi=(66)
77 1
fe=(62)
228 2 0 1
+4 1 1
-50 1
-18 1 1
fi=(66)
-87 1
fe=(62)
232 2 0 1
-4 1 1
+38 2
fi=(66)
77 1 0 1
fe=(62)
228 2 0 1
-64 2 0 1
+18 1 1
+2 1 0 1 1 0 0 1
fi=(66)
78 1
fe=(62)
197 1 1
fi=(66)
78 1 0 1
fe=(62)
193 1
-11 1 0 1
fi=(66)
78 4 0 5
fe=(62)
193 1 0 1
+4 2
+11 3 1
-11 1 1 0 1 0 0 1
+1 8 1 0 1 0 0 1
+12 1 1
+5 1
+6 1 1
-11 1 1
fi=(4)
79 1 1 0 1 0 0 1
fe=(62)
210 3
+6 1 0 1
-6 2
+7 2 1 1
+1 2 1 1
+3 1 1 0 0 1
-6 1 0 1
+6 2
+7 2 1
-38 1
+29 1 0 1
+9 1
-38 1 0 1
+38 1
-38 2 0 2 1 0 0 1
+38 3 0 1
+4 2 0 0 1 0 0 1
-2 1 0 1
+2 3 1
cfi=(46)
cfn=(140)
calls=1 -24 
* 6884 1683 1239 121 65 44 83 52 44
-10 2 0 0 1 0 0 1
+6 5 2
cfi=(32)
cfn=(106)
calls=1 * 
* 86 16 6 0 1 0 0 1
* 5
fi=(2)
1965 1 1 0 0 1
+12 1 2
-12 2 2
-4 4 0 0 1 0 0 1
+1 1 1
-1 1
+1 3 1 1
-1 1
+1 3 3
-1 3
+1 9 3 3
-1 3
+4 2 0 1
+1 1
+1 1 0 1
+2 2
+1 1 1
-1 1
+1 3
-1 6
+1 9 3 0 1 0 0 1
+7 3 1
+1 1 1
-1 4 1 1
+1 2
+2 1
+2 2
+16 5 0 0 1 0 0 1
+1 4 1 1
+1 2 1
+11 1 0 0 1 0 0 1
-1 1
+1 1
+1 2 1
-1 2 0 2 0 0 1
+1 4 1
cfi=(46)
cfn=(226)
calls=1 190 
* 3631 1045 348 23 41 17 20 33 13
+10 4 2 1
+1 3 1
+3 2
820 1 1 0 0 1
+4 1 1 0 1 1 0 1 1
-4 1
+4 1 1
+9 1 1
-13 1 1
+13 1
-9 2 1 1 0 1
+14 1
fi=(183) ./elf/../sysdeps/unix/sysv/linux/dl-osinfo.h
37 1 1 0 0 1
fi=(2)
838 1 0 1
-14 1 1
fi=(183)
39 1
+13 1 1
fi=(2)
833 1 0 1
-9 1 0 1
2031 3 1
2230 3 1
+4 1 2
+6 1 1
-10 1 0 1 1 0 0 1
+4 3 1
+6 1 0 1
+3 1 1
-9 1 0 2
+9 2
+12 4 2
+8 1 1
-8 2
+8 2 1
-5 3 1 1
+5 1 0 0 1 0 0 1
+4 6 1
cfi=(74)
cfn=(266)
calls=1 344 
* 72688 19487 8757 65 861 22 62 628 5
+9 1 1
+1 2
+17 1 1 0 0 1
+4 1 1
-4 1
+4 2
-21 6
+2 4 4 0 0 1
+9 4
-9 4 4 0 0 1
+5 8 8 0 0 4
+2 8
+6 4 4 0 1 0 0 1
+2 12 4 0 0 2
-2 8 0 4
+2 20 4
cfi=(74)
cfn=(266)
calls=4 344 
* 6447 1832 836 15 72 1 15 28
+4 15 5 0 0 1
+1 3
cfi=(41)
cfn=(294)
calls=1 1163 
* 30 17 11 3 2 0 3 1
-22 2
+29 1 0 0 1 0 0 1
cfi=(41)
cfn=(296)
calls=1 1125 
* 25 7 1 1 1 1 1
+6 5 2
+4 6 3 0 0 1
+2 5 2 1
+7 3 1 0 1 0 0 1
cfi=(41)
cfn=(298)
calls=1 602 
* 190 48 44 7 5 1 5 1
+3 5 2
+4 8 4 0 0 1
+3 1
cfi=(80)
cfn=(300)
calls=1 581 
* 8142 2164 1078 60 123 8 44 29 6
-47 1 0 1 1 0 0 1
+1 1 1
-3 2
1984 1 1 0 1 1
-4 2 1
+4 1
-4 1
+4 1 1 0 1 0 0 1
-4 1 0 1
+4 2
+40 5
-26 3 2 0 1 0 0 1
fe=(62)

fl=(26)
fn=(58)
269 23 0 0 2 0 0 1
+1 23
+1 23
+30 23
+1 23
+1 23
+6 142 48 48 1 0 3 1 0 3
+3 4
+1 4
+1 7
+1 5
+1 7
+1 5
-8 48 24 24 0 0 2 0 0 2
+3 3
+1 3
+1 6
+1 6
+1 6
+1 6
-8 10 5 5 0 1
+3 1
+1 1
+1 1
+1 1
+1 1
+1 1
-8 24 12 12 2
+3 3
+1 3
+1 3
+1 3
+1 3
+1 3
-8 24 12 12 1 0 1 0 0 1
+3 4
+1 4
+1 8
+1 8
+1 8
+1 8
-8 16 8 8 0 0 1 0 0 1
+3 4
+1 4
+1 6
+1 4
+1 6
+1 4
-8 4 2 2
+3 2
+1 2
+1 2
+1 2
+1 2
+1 2
-5 2 0 0 1 0 0 1
+1 2
+1 2
+1 3 0 0 1 0 0 1
+1 2
+1 3 0 0 1 0 0 1

fl=(33)
fn=(96) copy_hwcaps
74 2 0 14 1 0 0 1
fi=(35) ./elf/./dl-hwcaps.h
-29 2
fe=(33)
+35 2 2 0 0 1
-6 4
+6 4
+4 2
fi=(35)
-39 2 0 4
+32 2 0 2
+1 2 0 2
+1 2
fe=(33)
-2 4 0 0 1 0 0 1
cfi=(36)
cfn=(90)
calls=2 -26 
* 30 16 13
+3 2
-3 4
+13 4 14

fn=(84)
172 7 0 13 1 0 1 1 0 1
+2 1
cfi=(34)
cfn=(86)
calls=1 29 
* 2 0 0 1 0 0 1
fi=(35)
43 1 0 1
+2 1
+32 1
fe=(33)
+97 1
+1 2
fi=(35)
-97 1 0 2
-1 1 0 1
+2 1
fe=(33)
-27 2 0 0 1 0 0 1
cfi=(36)
cfn=(90)
calls=1 -1 
* 11 7 6 2 0 1 2 0 1
* 2
fi=(35)
+26 2 1 1
-35 1 1 0 0 1 0 0 1
+2 1 0 1
-2 1
+34 1 0 1
-34 1 0 1
+36 1
fe=(33)
-27 2
cfi=(36)
cfn=(90)
calls=1 -1 
* 19 9 7
* 2
fi=(24)
+4 2 1 1
fe=(33)
+44 1
fi=(24)
-44 5 1 1 1 0 0 1
cfi=(25)
cfn=(56)
calls=1 -19 
* 25 10 8
fe=(33)
+44 1 1
+2 1 1
-2 2 0 1
+2 2
+12 1 1
fi=(35)
-68 1
fe=(33)
+59 1 0 1
+3 1
fi=(35)
-65 1 1
fe=(33)
+71 1
fi=(35)
-69 1 0 2
+1 1
fe=(33)
+66 2 0 0 1 0 0 1
cfi=(36)
cfn=(92)
calls=1 -87 
* 5 5 4
* 2
fi=(35)
-34 2 1
fe=(33)
+49 1 1
fi=(35)
-49 1 0 1
-35 2 1
fe=(33)
+84 1
fi=(35)
-82 1 0 1
-2 1
+34 1 0 1
-34 1 0 1
+36 1
fe=(33)
+46 2 0 0 1 0 0 1
cfi=(36)
cfn=(90)
calls=1 -74 
* 19 9 7
* 2
+8 2
+9 5 2
+44 2 1 0 1 0 0 1
-1 1
+1 1
+3 3 1 1 0 0 1 0 0 1
fi=(24)
56 5 2
cfi=(25)
cfn=(56)
calls=1 -19 
* 25 10 8
fe=(33)
194 2
+8 1 1
+1 3 1 1
-1 2 1
+1 4 0 1 1 0 0 1
cfn=(96)
calls=1 74 
* 30 15 17 2 1 0 2
+1 6 2
cfn=(96)
calls=1 74 
* 38 17 18
+12 1
-8 2 2 1
+1 2 0 1
+4 2 1 1
+3 2 9

fl=(64)
fn=(202)
fi=(32)
2069 3
+4 2
+8 3 1
+23 9 0 2 1 0 0 1
cfn=(152)
calls=1 1520 
* 2463 595 604 24 25 26 6 21 26
fe=(64)
389 1 1 0 1 1 0 1 1
-2 2 0 7
+2 1
-2 2
+2 3 1
+3 5 2 0 0 2 0 0 1
+3 5 1 0 1 0 0 1
cfi=(48)
cfn=(204)
calls=1 36 
* 1529 331 193 22 18 1 19 18 1

fn=(354)
509 1 0 2 1
+1 6 2 0 0 2
+7 4 1 1
+2 1 2
-7 2 1
cfi=(57)
cfn=(172)
calls=1 120 
* 7 1 1 1
+1 3 0 1

fn=(208)
199 1 0 9 1 0 0 1
+8 1
-8 3 1 1 1 0 0 1
+8 3
-7 3
331 14
+2 7
207 14
+2 8
+9 8 8
-9 16
-22 8
+23 16 8 0 0 6 0 0 6
+8 8
-4 16
+4 8 0 0 1 0 0 1
cfn=(210) _dl_cache_libcmp
calls=8 342 
* 647 116 32 2 8 0 2 8
+1 17
-10 7 2 2
+20 2 1
+5 1
-2 2
+2 2
cfn=(210)
calls=1 342 
* 79 14 4
* 1
* 1
-7 2
+9 3 1 0 1 0 0 1
+20 2 3
-20 1 0 1
+20 2 0 1
+31 3 1
+27 1
+2 1
-2 1 0 1
+2 1
+10 4
-80 2
+9 1 1 0 1 0 0 1
+1 5
+1 3 1
+7 2
fi=(65)
125 2 2 1
fe=(64)
282 10 1 0 1 0 0 1
+5 4
+50 3 10 0 1 0 0 1

fn=(210)
342 27 9 0 1 0 0 1
-1 9 0 36
+16 18
+7 88
+2 88
+4 36
+1 36
-29 72 36
+4 36 36
-2 36
+2 36
-2 72
+2 36
-2 36
-2 2 1
+4 9 9 0 0 8 0 0 8
-2 9
+2 9
-2 18
+2 9 0 0 1 0 0 1
-2 9
+2 2
+8 1 1
-2 2
+1 1
+1 3
+2 3 1
-3 1
+3 1
+2 2
+16 2 1
+1 1 4
-8 8
+8 8 32

fl=(67)
fn=(218)
30 2 0 8 1 0 0 1
+1 2
-1 2
+4 2
-4 2
+4 2
+1 8 0 0 1 0 0 1
+10 6 2
+1 2
+17 2 8

fl=(104)
fn=(392)
40 5 0 25 1
+8 5 5
+4 5
+1 5
+1 5
+3 5
cfi=(105)
cfn=(394)
calls=5 -11 
* 3977 1071 491 42 53 9 6 11 3
+3 5
+4 5 30
+4 5

fl=(45)
fn=(134)
32 3 0 4 1 0 1 1 0 1
+1 1 1 0 0 1 0 0 1
-1 1
+1 2
+1 3 1
+5 4
cfi=(5)
cfn=(8)
calls=1 -11 
* 49 0 16 0 0 2 0 0 2
+1 1
-1 1
+1 3 0 0 1 0 0 1
cfi=(5)
cfn=(8)
calls=1 -12 
* 49 0 16 0 0 1 0 0 1
+1 4
cfi=(5)
cfn=(8)
calls=1 -13 
* 49 0 16 0 0 1 0 0 1
+1 4
cfi=(5)
cfn=(8)
calls=1 -14 
* 49 0 16
+5 3 1 1
+1 2
-1 4 2 2
+1 4
+3 3 2
+1 4 2
+1 4 2 0 1 0 0 1
+1 4 2
+2 1
+6 1 1
+2 1 1
-1 1 1
+2 1 1
-3 1 1
+2 1 1
+3 6 2
-5 11 11
+2 11 11
-1 11 11
+2 11 11
-3 11 11
+2 11 11
+3 66 22
+2 1
+1 1
* 2
+1 2 4

fl=(52)
fn=(162)
30 3 0 0 1 0 0 1
+35 6
+5 12 3 0 1 1 0 1
cfi=(53)
cfn=(164)
calls=3 +76 
* 462 129 213 5 3 4 5 3 4

fl=(68)
fn=(232) _dl_check_map_versions
155 8 0 36 1
+15 4 4
-15 4
+15 8
+2 4
fi=(4)
-93 4 4
fe=(68)
+93 4 4 0 0 1
fi=(4)
-93 4
fe=(68)
+95 4 4 0 0 2
-2 4
+3 4 4
-3 12
+5 8 0 0 1 0 0 1
+3 6 4
+4 6 2 0 0 2 0 0 2
+34 2 2 0 0 1 0 0 1
-62 2
36 2 2
164 2
+54 6 2 2 0 0 1
36 2
156 4 0 2
+62 4 0 2
64 2 2
+92 4 0 2
-92 4 0 2 1 0 1 1
+92 6 0 4
36 4 2
200 2 2
36 4 2
200 4 2
36 10
+1 5 5
-1 10
+2 21
cfi=(48)
cfn=(150)
calls=7 +30 
* 431 113 40
* 18 0 0 1 0 0 1
208 4
+5 10 2 10 0 1 0 0 1
+5 2 2
-1 6 4 0 0 1 0 0 1
+1 14 9
+3 2 1 1 1 0 0 1
56 2 2
fi=(4)
+23 1 1
fe=(68)
-23 4
+8 4 2
218 3 3
-1 9 6
+1 16 10
+3 2 1 1
56 2 2
fi=(4)
+23 1 1
fe=(68)
-23 4
+8 4 2
218 12 6
+3 6 3 3
56 6 6 0 0 1
fi=(4)
+23 3 3
fe=(68)
-23 12
+8 12 6
+6 15 5
+16 5 5
+1 10
+2 10 5
+5 55 5 5 1 2 0 1 2
+14 126 42 0 0 5 0 0 5
+12 111 37 0 0 3 0 0 3
+4 37
-30 111 37 0 0 9 0 0 9
231 25 5
+3 10 5
+5 3
-24 3
113 25 10 0 1 0 0 1
cfi=(28)
cfn=(68)
calls=5 +45 
* 349 65 20 3 3 0 2 3
* 15
224 30 5 0 1 0 0 1
+4 4 8
+15 6 2
+14 10 4 0 1 0 0 1
+3 6 4
+3 2 2
+3 2 2
-3 8
+3 2
+4 2
-7 2 2
+3 2 2
-3 8
+3 4
+4 38
-7 38 38 0 0 2 0 0 2
+3 38 38 0 0 1 0 0 1
-3 152
+3 76
+8 4
fi=(24)
44 3 3 0 1 1 0 1 1
fe=(68)
280 3
fi=(24)
44 18 3 3
cfi=(25)
cfn=(54)
calls=3 +43 
* 126 48 36 0 1
fe=(68)
281 3 3
-2 3 0 3 1 0 0 1
+2 6
+13 3 3 0 0 1
-3 3 0 3
+3 3 3 0 0 1
fi=(4)
79 3 3
fe=(68)
294 15 0 3 0 0 1
+2 6
+3 2 2
+12 4
-12 2 2
+12 2 0 2
-12 2 0 0 1 0 0 1
+4 8 2 2
+18 3
-15 3 3
+2 9
-2 2 2
+2 6
+4 5 5
-2 10
+1 5
+1 5
+1 10 5
-3 5 5
+1 5 0 10 0 0 2 0 0 2
+1 5 0 5
+1 5 0 5
+3 15 5
+8 6 4 0 1 0 0 1
+48 6
+1 4 2
+1 4 2
+20 12 40
257 4
-93 1
-8 2 0 1
334 4 2 0 1 0 0 1
+3 2 1
+6 3 1
-6 2 1
+6 3 1
-6 40
+6 120 40
+4 40 40
-6 40 40
+7 40
+1 40 40
-1 120 40
+1 40
-1 40 0 40 0 0 11 0 0 11
+1 40 0 40
+1 40 0 40
+3 126 42
+13 6 3 0 1 1 0 1 1
-82 3
+82 6
-2 153
+1 153 51
+1 12 0 6
-92 2 0 0 1 0 0 1
171 2 0 1
334 2
-40 2 1

fn=(230)
399 1 0 6 1 0 1 1
+4 4
-2 2
+3 4 4
+1 24
cfn=(232)
calls=4 155 
* 3543 1011 330 19 39 16 17 32 13
-2 4 4
+1 4
-1 8
+5 2 6

fl=(44)
fn=(188)
77 2 0 18 2 0 0 1
+1 2 2 0 0 1 0 0 1
-1 2
+1 6 2
+15 4 18

fn=(618)
97 4 0 32 1
+1 16 8 0 0 1 0 0 1
+16 4 32

fn=(130)
29 1 0 10 1 0 0 1
+1 3 3 0 0 1 0 0 1
+1 1
+6 1 10 0 1

fn=(352)
45 6 3 0 2 2 0 0 1
+1 3 3
-1 6
+1 6 3
-1 3 3
+2 12
+4 3

fn=(418)
118 1 0 8 1 0 0 1
+1 4 2 0 0 1 0 0 1
+10 1 8

fl=(50)
fn=(156)
fi=(32)
1591 2 2
-2 4
+2 4 0 2
+2 4
+6 4
+15 56 10 0 3 2 0 3 2
cfi=(22)
cfn=(48)
calls=2 298 
* 124 46 18 0 1 0 0 1
* 6
+81 6 2
+5 6 2
+6 10 2
+6 6 2
+6 2 2
+1 2 2
-1 2
+1 6
+26 8 16
1614 6 1 0 1 0 0 1
fe=(50)
26 2 0 0 1 0 0 1
-1 2 0 2
+1 2 0 0 1 0 0 1
cfi=(16)
cfn=(32)
calls=2 +14 
* 8 4 4
* 4
+1 2 2

fl=(16)
fn=(32)
40 28 0 56 0 0 2 0 0 2
+5 28
+1 28
+1 28 56

fl=(61)
fn=(190)
fi=(2)
1853 2
+76 4 2
+16 4 2 0 1 0 0 1
+10 10 1 1
cfi=(62)
cfn=(192)
calls=1 143 
* 99684 26622 12836 341 1208 122 273 784 95
-22 4 0 0 1 0 0 1
+1 1
-1 1
+1 1 0 0 1 0 0 1
+3 2 0 1
+1 1 1
+1 2
+1 1
-7 2
+7 1
fe=(61)
27 1
-2 1 0 1
+2 1
cfi=(16)
cfn=(32)
calls=1 +13 
* 4 2 2
* 7 1 1 0 1
+4 1 1

fl=(22)
fn=(48)
298 6 0 54 2 0 0 1
+3 6
+1 6
-4 6
+7 12
+4 2
+17 1
123 1 1 0 0 1 0 0 1
-5 1
+7 1
325 2
122 1 1 0 0 1 0 0 1
-4 2
+56 2
352 10 45 0 1 0 0 1
-19 3
+1 1
+5 93 0 0 1 0 0 1
+2 34 34
+1 34 34 0 0 3 0 0 3
+1 34
+3 68
+6 2 9
162 2 0 0 1 0 0 1
351 2 0 0 1 0 0 1
168 2 0 0 1 0 0 1
-23 1 0 0 1 0 0 1
+1 1
-2 1
+12 2
-2 1 1
+1 2 1
+11 1 1
+1 2 1
-7 1 1
+1 2 1
+20 1 0 0 1 0 0 1
-9 1 1
+1 1 1
+4 2
+1 1
+3 1
+5 2

fl=(23)
fn=(62)
33 3 3 0 3 2 0 1 1
-2 6 0 12
+2 6 3
-2 3
+2 12 3
cfi=(20)
cfn=(64)
calls=3 +12 
* 6 0 0 1
+2 12 3
+3 20 5
+2 2 0 2
+2 2 0 2
+4 6 2
+1 2
+3 2 0 0 2
-4 2
+1 2 2
-1 6 2 2
+1 4 2 4
+1 4 0 2
+2 2 2
-2 4 0 2
+2 2
+1 2 8
-1 4 2
cfi=(20)
cfn=(64)
calls=2 -5 
* 4
-4 3 1
+1 1
+3 1
-4 1
+1 1 1 0 0 1 0 0 1
-1 3 1 1
+1 2 1 2
+1 2 0 1
+2 1 1 0 0 1
-2 2 0 1
+2 1
+1 1 4
-1 2 1
cfi=(20)
cfn=(64)
calls=1 -5 
* 2
-5 2 0 1 1

fn=(50)
59 15 0 27 3 0 0 1
+3 3 3
-3 3 0 3
+3 6
+18 2 2 0 0 1
+3 2
-3 4 2
+3 2
cfi=(18)
cfn=(38)
calls=2 -29 
* 112 22 4
* 4
+4 2
+5 4
fi=(24)
-48 10 4 0 1
cfi=(25)
cfn=(54)
calls=2 +43 
* 185 60 38 4 3 0 3 3
* 5 2 0 1 1 0 1
cfi=(25)
cfn=(54)
calls=1 +43 
* 52 18 13 5 3 1 5 1 1
fe=(23)
+51 9
+5 3
+4 3
-4 3
-2 3 0 3 0 0 1 0 0 1
+1 3 0 3 0 0 3 0 0 3
+5 3
-1 3
-1 3 0 3
+2 6
cfi=(26)
cfn=(58)
calls=3 269 
* 70 17 17 2 1 3 2 1 3
+2 3
-2 3 0 3 0 0 1 0 0 1
+2 3 0 3
+13 9 3
+6 1 0 0 1 0 0 1
+5 1 1
-3 1 1
+3 2 0 1
+2 1 0 1
-2 1 1
-3 3 1 1
+3 1
+1 3
+5 3 1 1 1 0 0 1
+3 3 1
fi=(4)
1348 1 1
fe=(23)
139 2
fi=(4)
1348 5 0 0 1 0 0 1
fe=(23)
139 4
+2 1 0 1 0 0 1 0 0 1
-2 1
-9 2 2
-3 2 2
+3 4 0 2
+2 2 0 2
-2 2 2
-3 6 2 2 0 1 0 0 1
+3 2
+1 6
+5 6 2 2 2 0 0 2
+3 2
fi=(4)
1348 60
fe=(23)
139 60
+2 15 0 15 0 0 1 0 0 1
-2 15
+16 6 3 0 1
-6 3
+6 12 6 0 0 1 0 0 1
-5 3
-1 3 0 3 0 0 3 0 0 3
+1 3 0 3
+5 6
+2 4 0 2
+3 4
-3 2
+7 8 2 0 1
+4 4
+8 1 0 1 1 0 0 1
+3 2 0 1
+10 3 1
-10 4 0 2
+10 6 2
+2 4
cfi=(18)
cfn=(38)
calls=2 54 
* 128 28 4
+4 2
-4 6 0 2
+4 2
+50 10
cfi=(26)
cfn=(58)
calls=2 +24 
* 68 23 23 0 0 2 0 0 2
* 2
+5 2
+1 6 2
-1 38
+1 114 38
+4 6
+1 4 0 2
+3 2 0 2
+4 9 27
119 4 2
+4 4
-4 2
+34 1 0 0 1 0 0 1
+7 4
+8 8 2
fi=(24)
56 10 6
cfi=(25)
cfn=(56)
calls=2 -19 
* 50 20 16
fe=(23)
200 6
64 2 0 0 2 0 0 2
+2 2 1
+1 2 1
+4 5 2 0 1 1 0 1 1
+6 3

fl=(57)
fn=(174)
120 30 6 6 1
+2 12

fn=(172)
120 25 5 5 1 0 0 1
+2 10 0 0 1

fl=(38)
fn=(110)
40 6 0 12 1 0 0 1
+1 3
cfi=(18)
cfn=(38)
calls=3 +13 
* 161 34 6
fi=(39) ./string/../include/rtld-malloc.h
+15 3 3 0 0 1
fe=(38)
-15 3
fi=(39)
+15 12 3
cfi=(25)
cfn=(56)
calls=3 -19 
* 75 30 24 1
fe=(38)
-12 3
+3 6
+1 3 12
-1 3
cfi=(1)
cfn=(114)
calls=3 -47 
* 97 31 28 1 0 2 0 0 2

fl=(96)
fn=(358)
81 2 0 8 1 0 0 1
+5 1 1 0 0 1 0 0 1
-3 1 2 0 0 1
+3 1
-5 3 0 0 1 0 0 1
+5 2 1
+8 4
+25 1 1
+1 2
+1 6 2
cfn=(360) call_init
calls=1 -94 
* 30 15 7 0 2
* 18 6 0 0 1
cfn=(360)
calls=3 -94 
* 275 96 40 9 18 4 5 4 1
-1 8
+7 1 8
-39 1
cfn=(360)
calls=1 -61 
* 74 30 9 7 9 0 6 1
+1 3 0 1 1 0 0 1

fn=(360)
27 10 0 30 1 0 0 1
+2 15 5
+47 3 18
-41 30 5
+2 10
+6 4 4
+3 4 4
-3 8 0 4 1 0 0 1
+3 8 4 0 0 4
+5 15 6 0 0 1
+8 6 3 0 0 1
+1 7 2 0 0 1
cob=(3)
cfi=(94)
cfn=(362) 0x048402f4
calls=1 -60 
* 9 5 2 2 2 0 1
+3 3 3 0 0 3
+1 6
+8 2 2 0 0 1
-2 2 2
+2 4 2
-2 2 2
+3 6
+1 10 2 0 1 1 0 1
cob=(2)
cfi=(98)
cfn=(374)
calls=1 -23 
* 137 38 17 7 5 2 5 2 1
cob=(4)
cfi=(97)
cfn=(368)
calls=1 -74 
* 13 3 0 2 2 0 2 1
* 10 2
cob=(2)
cfi=(102)
cfn=(382)
calls=1 -7 
* 20 5 3 1 3 2
cob=(2)
cfi=(101)
cfn=(380)
calls=1 545 
* 22 11 0 1 5 0 0 2
-1 8
+3 2 12
-29 3 1

fl=(9)
fn=(16)
25 4 0 16 2 0 0 1
+3 8 4
fi=(4)
+51 4 4
fe=(9)
-48 20 4
+1 8 4 4 0 3 1 0 3 1
+1 4 8 0 0 2 0 0 2
+3 12
+1 4 0 4
+8 4
-7 4 0 0 3 0 0 1
+3 4
-3 4 4 0 0 1 0 0 1
+7 4
-7 4 0 4
+5 4 0 8
+2 4 0 4
+18 4 16

fl=(81)
fn=(306)
95 8 4 4 1 0 0 1
+1 8 4 4
+1 4 0 4
+8 8 8 0 1 2 0 1
-2 4 4
+2 4
-2 4
+3 4
-3 4 0 4
+3 4
-12 4 0 4
+13 12
-1 18
+1 27 9 0 0 7
+2 12 6 3
+3 9 3 3 0 2
+10 3 3
-4 2 0 1
+2 1 0 1
+2 1 1
fi=(80)
482 3 3
-1 3 3
+1 6
+1 9
+3 6 3 0 1 1 0 1
+3 3 0 3
-3 9 3
-3 72
+1 75 25 0 0 6
+2 13 2
+3 2
-6 2
+6 8 5 5 0 0 1 0 0 1
+1 2 1
+1 1 0 1
+1 3 1 1
-9 1
+6 2
-6 2
+6 8 5 5 0 0 1 0 0 1
+1 2 1
+1 1 0 1
+1 3 1 1
-9 1
+1 6 2
-1 3
+14 9 27
-3 8 0 0 1 0 0 1
+22 1 1
-1 1
+3 5 1
+3 4 1
+3 8 1
+5 2 1
+3 1
-1 3
cfi=(81)
cfn=(307)
calls=1 95 
* 198 74 39 0 5 1 0 0 1
+2 2
fe=(81)

fn=(307)
95 4 2 2
+1 4 2 2
+1 2 0 2
+8 4 4 0 0 1
-2 2 2
+2 2
-2 2
+3 2
-3 2 0 2
+3 2
-12 2 0 2
+13 12 2 0 0 2
+2 8 4 2
+3 6 2 2 0 2
+10 2 2
fi=(80)
482 1 1
-1 1 1
+1 2
+1 3
+3 2 1
+3 1 0 1
-3 3 1
-3 12
+1 15 5
+2 5 2
+3 2
-6 2
+6 8 5 5 0 0 1 0 0 1
+1 2 1
+1 1 0 1
+1 3 1 1
-9 1
+6 2
-6 2
+6 8 5 5
+1 2 1
+1 1 0 1
+1 3 1 1
-9 1
+1 6 2
-1 3
+14 3 9
+19 1 1
-1 1
+3 5 1
+3 4 1
+3 8 1
+9 2
-7 3
cfn=(305)
calls=1 -51 
* 146 60 32 0 2 1 0 0 1
fe=(81)

fl=(21)
fn=(46)
29 3 3 0 1 0 0 1
-1 3
+4 53 26
+2 75 25
+1 21 7
+5 2
-3 2
+3 2 0 2
+2 2
+7 1

fl=(53)
fn=(164)
146 4 0 36 1 0 2 1 0 2
-96 4
+96 20 0 24 0 0 1 0 0 1
-96 16 0 0 1 0 0 1
cfi=(16)
cfn=(32)
calls=4 -10 
* 16 8 8 0 0 2 0 0 2
+2 12
+4 4 8 0 0 3 0 0 3
-1 4
+2 4 8
fi=(184) ./io/../include/sys/sysmacros.h
-8 32
fe=(53)
+10 8 4 4 0 2 0 0 2
fi=(184)
-10 4
fe=(53)
+11 4 4
-5 4
+5 4 0 4
-5 4 0 0 1 0 0 1
+6 4 4
fi=(184)
-12 4
fe=(53)
+12 4 0 4
fi=(184)
-12 4
fe=(53)
+13 4 4
fi=(184)
-13 4
fe=(53)
+13 4 0 4
+9 8 4 4
-7 8 4 4 0 1 0 0 1
+2 8 4 4
+2 4 4
-10 4 4
+11 4 4
+1 4 4
-7 4 4
+2 4 4
+2 4 4
+1 4 0 4
-13 4 0 0 1 0 0 1
cfi=(5)
cfn=(8)
calls=4 -27 
* 232 0 112 0 0 1 0 0 1
* 64 32 32
fi=(184)
-6 4
fe=(53)
+6 4 0 4
fi=(184)
-6 4
fe=(53)
+6 4 0 4
fi=(184)
-6 8
fe=(53)
+6 4 0 4
fi=(184)
-6 16 0 0 1 0 0 1
fe=(53)
+6 28 0 28
161 4
+1 12 60

ob=(5)
fl=(112)
fn=(428)
8 1 0 4 1 0 0 1
+17 2 0 0 1 0 0 1
-17 2 0 3
+21 3
-3 1
-1 1 0 2
+1 1 0 1
+3 1
cfi=(113) /home/student/CORDIC/pipelining/cordic_pipelining.c
cfn=(430) cordic_R_fixed_point
calls=1 -23 
* 156 19 9 2 2 0 1 2
+3 1 1
+9 1
-9 1 1 0 0 1 0 0 1
+9 2
-9 2 1
+1 1 1
+8 1 1
-8 1
+1 1 1 0 1 0 0 1
-2 1
+9 1
-7 1
-1 1
-1 1
+2 1
-1 1
+8 1
cob=(2)
cfi=(156)
cfn=(572)
calls=1 -16 
* 224 84 52 6 4 1 6 3 1
cob=(2)
cfi=(114)
cfn=(434)
calls=7 -13 
* 19629 5042 3486 286 93 39 227 69 29
cob=(1)
cfi=(104)
cfn=(392)
calls=2 -1 
* 1557 433 208 28 25 6 0 8 3
* 71 32 4 5 2 0 1
fi=(108)
+33 1 0 0 1
cob=(2)
cfi=(158)
cfn=(582)
calls=1 +74 
* 3376 1085 577 98 61 1 66 18
fe=(112)

fl=(103)
fn=(614) 0x00000627
0 5 3 1 0 1

fn=(598)
0 14 7 2 1 2 0 1 1
cfn=(610) 0x000005a5
calls=1 0 
0 14 6 1 1 2
cob=(2)
cfi=(164)
cfn=(602)
calls=1 45 
0 119 41 26 7 6 0 5 5
cob=(1)
cfi=(104)
cfn=(392)
calls=1 40 
0 850 228 104 0 6
0 8 3 1
fi=(163)
42 3
+5 1 1
+1 1
+1 2 2
+1 1 4
-1 2 0 0 1
fe=(103)

fn=(410)
0 13 3 0 2 1 0 2

fn=(610)
0 9 3 0 1 1
cfn=(614)
calls=1 0 
0 5 3 1 0 1

fn=(386)
0 14 4 3 1 2 0 1
cob=(2)
cfi=(106)
cfn=(396)
calls=1 242 
0 25310 6795 4421 450 204 47 325 108 33
cob=(1)
cfi=(104)
cfn=(392)
calls=1 40 
0 870 233 104 9 14 3 5 3
0 7 3 1 1

fn=(406) 0x00000580
0 6 3 0 1 1 0 1

fl=(113)
fn=(430)
6 1 0 6
+19 1
-11 2 2 0 0 1 0 0 1
+5 1
-7 1 1
+1 1 1
+6 2
+6 1
+4 5 5 0 0 1 0 0 1
-2 5
+1 5
+1 5
+8 5
-12 15
+12 5
-12 5
+12 4
-12 12
+12 4
-12 4
+2 9 0 0 1 0 0 1
+1 9
-2 18
+7 4 4
-2 4
+1 4
+1 8
+11 1
+1 1
+1 1
-1 2
+1 1
+1 1
+2 1
+1 2
+4 1 0 1
-3 2
+4 1 0 1
+1 1 0 1
+1 1 6 0 1

ob=(3)
fl=(94)
fn=(362)
0 2 0 2 1
cob=(4)
cfi=(97)
cfn=(364)
calls=1 0 
0 6 3 0 1 2 0 1
0 1 2

fn=(404)
0 2 0 2
cob=(5)
cfi=(103)
cfn=(406)
calls=1 0 
0 6 3 0 1 1 0 1
0 1 2

fn=(450)
0 123 41 0 1 0 0 1
cob=(2)
cfi=(121)
cfn=(452)
calls=41 269 
0 805 129 129 6 1 1 6 1 1

totals: 141507 36901 18702 1106 1621 252 874 1039 205
